4403  3  0  0
1  0.2395116984844207  -0.3448875248432159  0.2218400537967682
2  0.2944695055484772  -0.3637836873531342  0.2793209254741669
3  0.3117953240871429  -0.401388555765152  0.3370706737041473
4  -0.105999380350113  -0.3578935861587524  0.1199512183666229
5  -0.06404122710227969  -0.5389426946640015  0.2018102705478668
6  0.0849232673645019  -0.5211625695228577  0.2462574541568756
7  -0.005787402391433744  -0.5479698181152344  0.2523886263370514
8  0.07947918772697443  -0.5151191353797913  0.2274012863636017
9  0.1793890595436096  -0.4303820133209229  0.231866866350174
10  0.1613826155662536  -0.4787766337394714  0.2633660733699799
11  0.1420271098613738  -0.4726308584213257  0.3405642211437225
12  0.2055845856666565  -0.4082292914390564  0.3995059430599213
13  0.05668619275093073  -0.4657035768032074  0.3389782011508942
14  0.1386713981628417  -0.5187257528305054  0.2906835973262787
15  -0.1355622112751007  -0.4599545001983643  0.337886780500412
16  -0.1109627783298493  -0.5381007790565491  0.2803114354610443
17  -0.2083906829357147  -0.5244349837303162  0.2770487368106842
18  -0.2486774027347565  -0.4764415323734283  0.2809577882289886
19  -0.004361838102340726  -0.4712294936180115  0.1700938045978546
20  -0.07911154627799991  -0.5734553933143616  0.2310149967670441
21  -0.1865661442279816  -0.5789742469787598  0.2177359163761139
22  -0.108478456735611  -0.520022988319397  0.1731711328029633
23  -0.02394059300422674  -0.3410188257694244  0.1196531355381012
24  0.003868609666824313  -0.5290529727935791  0.2918082177639008
25  -0.04363712668418887  -0.5240273475646973  0.2943865358829498
26  -0.05390664935112002  -0.5573756694793701  0.2522708475589752
27  0.4146521240472794  -0.2616177499294281  0.3986734449863433
28  0.3877346962690353  -0.1181287914514542  0.2929735481739044
29  0.4525744020938873  0.06204652786254883  0.3710696995258331
30  0.4716488644480705  0.06196659058332443  0.4035998284816741
31  0.3073092997074127  -0.1720065772533417  0.2280982434749603
32  0.3987953960895538  0.02609184943139553  0.2948563992977142
33  0.2209714949131011  -0.04599112644791603  0.1677774488925934
34  0.2643666565418243  -0.04743808507919312  0.1910403072834015
35  0.2460764348506927  -0.009901960380375385  0.1724771559238434
36  0.2402678728103637  0.03367460891604424  0.1767275631427765
37  0.4647565260529518  -0.08904280513525009  0.3915723860263824
38  0.3549892902374268  -0.2579599618911743  0.2874349653720856
39  0.1888747215270996  -0.2962692379951477  0.1732580959796906
40  0.2182511985301971  -0.1797453910112381  0.1741975843906403
41  -0.04351976513862615  -0.06284843385219574  0.09601131081581116
42  0.08698982000350947  -0.1513020247220993  0.1191661655902863
43  -0.1872038543224335  -0.129289448261261  0.09435221552848816
44  -0.07419267296791082  0.07178003340959549  0.09954938292503357
45  0.08747786283493036  0.005520937964320183  0.119338721036911
46  0.2727981805801392  -0.4137923717498779  0.3999218642711639
47  0.3148199021816254  -0.3940875828266144  0.4055953919887542
48  0.4672691076993942  -0.1903087794780731  0.5581400692462921
49  0.4424425661563873  -0.2153661251068115  0.5362639129161835
50  0.4725606143474579  -0.1660280227661133  0.5299389064311981
51  0.4622798785567284  -0.1958208084106445  0.483176440000534
52  0.3492337763309479  -0.3055988848209381  0.5012002289295197
53  0.3124322891235352  -0.2456956058740616  0.5594637095928192
54  0.1853311657905579  -0.246192529797554  0.511740118265152
55  0.4708054438233376  -0.03149375319480896  0.4027066528797149
56  0.4676791951060295  -0.1593349725008011  0.4551127851009368
57  0.4603306949138641  -0.1146459579467773  0.5465334355831146
58  0.4783089458942413  -0.1073770523071289  0.535349577665329
59  0.492798738181591  -0.01857299357652664  0.5995537340641022
60  0.3868058174848557  -0.1870203912258148  0.6183210611343384
61  0.1930964291095734  -0.1310549229383469  0.6728144288063049
62  0.3048332333564758  -0.1005829125642776  0.722249299287796
63  0.468569740653038  -0.1069868877530098  0.6297756731510162
64  0.4662596955895424  0.03467059135437012  0.7124523222446442
65  0.4723716154694557  -0.03874761611223221  0.6612801849842072
66  0.4365471303462982  -0.0594029426574707  0.6945103704929352
67  0.4394466727972031  0.04738938063383102  0.7457718253135681
68  0.4060867726802826  -0.08659728616476059  0.7350735664367676
69  0.3279466927051544  -0.007169410586357117  0.8052817285060883
70  0.2141854166984558  -0.05786904692649841  0.7944476008415222
71  0.3318524956703186  -0.05438661575317383  0.7617470324039459
72  0.2727981805801392  -0.04240322113037109  0.7924956381320953
73  0.3284496963024139  -0.03794741630554199  0.8005135655403137
74  0.445483535528183  -0.1658387184143066  0.5861386954784393
75  0.4374511539936066  -0.1523017883300781  0.6375779807567596
76  0.3142286241054535  -0.1783144474029541  0.6287652254104614
77  0.4105189740657806  -0.2509963512420654  0.552759200334549
78  0.1897474229335785  -0.1853293031454086  0.5823544561862946
79  0.4756332337856293  -0.1147119998931885  0.5817379653453827
80  0.4600169956684113  -0.1288061141967773  0.5807665288448334
81  0.4591380059719086  -0.1705889701843262  0.5338973701000214
82  0.4239233732223511  -0.1046967953443527  0.6820065379142761
83  0.4099955409765244  -0.3031956255435944  0.4481125175952911
84  0.4194830358028412  -0.2760655879974365  0.4736662805080413
85  0.3899748027324677  -0.2670447826385498  0.5344529449939728
86  0.4148949682712555  -0.1919329166412354  0.614504486322403
87  0.4357737004756927  -0.1378393173217773  0.6674168109893799
88  0.3517228066921234  -0.1389344036579132  0.6727441251277924
89  0.3936588317155838  0.03557868301868439  0.7853947579860687
90  0.4165127277374268  0.08529069274663925  0.7836507558822632
91  0.3812719285488129  -0.003270474495366216  0.771536260843277
92  0.3772468268871307  -0.05829477310180664  0.7519527077674866
93  0.4290090501308441  -0.2082881927490234  0.5772071778774261
94  0.4709993898868561  -0.1564457416534424  0.5756628215312958
95  0.4640608727931976  -0.137906551361084  0.6351594626903534
96  0.1024101972579956  -0.2436886876821518  0.5152968466281891
97  0.0998823344707489  -0.3070720136165619  0.4477912485599518
98  -0.1088944971561432  -0.2841505110263824  0.4961641132831573
99  -0.1095742285251618  -0.3406491279602051  0.4357855021953583
100  -0.1924183666706085  -0.2778870761394501  0.4671689569950104
101  -0.04629495739936831  -0.3025082051753998  0.4759498536586761
102  -0.2200374901294709  -0.1584021300077438  0.5624582469463348
103  -0.1968831121921539  -0.1895543932914734  0.5549081265926361
104  -0.05768480896949771  -0.2371581345796585  0.5746210217475891
105  0.1053095161914825  -0.1829467266798019  0.5964069068431854
106  -0.09958115220069885  -0.1825998425483704  0.6736244559288025
107  -0.1156765520572663  -0.2189813405275345  0.5867580473423004
108  0.2163406610488892  -0.08703408390283585  0.7567055225372314
109  0.05710533261299133  -0.09060453623533249  0.796527087688446
110  -0.1877672970294952  0.0585181713104248  0.6960309147834778
111  -0.1886360347270966  -0.05185853689908981  0.743460088968277
112  -0.2121365368366241  -0.04813146591186523  0.6936154663562775
113  -0.1954697668552399  -0.08331093192100525  0.6966879665851593
114  -0.1928311288356781  0.003494977951049805  0.7463246285915375
115  -0.2160642445087433  -0.001993954181671143  0.6859883368015289
116  -0.1872003972530365  0.002626555040478706  0.7155113518238068
117  -0.1882366240024567  -0.03860845044255257  0.7979244589805603
118  -0.1173165142536163  -0.1439498215913773  0.7339430749416351
119  -0.1882347762584686  -0.05521082878112793  0.7155187129974365
120  -0.1784976422786713  -0.1528606563806534  0.6063803732395172
121  -0.179494708776474  -0.08698815852403641  0.7309328615665436
122  -0.05415359139442444  -0.1504252701997757  0.75297611951828
123  -0.04759511351585388  -0.1893730908632278  0.6728843152523041
124  0.01783862709999084  -0.2235746383666992  0.5699779391288757
125  0.2734698951244354  -0.4316678047180176  0.3551375567913055
126  0.4670059457421303  -0.1060838103294373  0.4097543060779571
127  0.408579096198082  -0.2109471261501312  0.3435948193073272
128  -0.1901199519634247  -0.3446136713027954  0.3830841481685638
129  0.3849433213472366  -0.3201762139797211  0.4663310348987579
130  0.3274228274822235  -0.3566391468048096  0.4514537155628204
131  0.2758693099021912  -0.3528616428375244  0.4520966112613677
132  0.06775972247123713  -0.2681993246078491  0.1206856071949005
133  -0.1844395101070404  -0.399201363325119  0.3553476631641388
134  -0.249191015958786  -0.3077982068061829  0.3287007510662079
135  -0.2083171904087067  -0.4272833168506622  0.3197908103466034
136  -0.09497967362403872  -0.3975116014480591  0.387258380651474
137  -0.1872330009937287  -0.3112791478633881  0.4278992116451263
138  0.0779281854629516  -0.4188318252563477  0.1688535511493683
139  0.2380875945091247  -0.4592445492744446  0.3238273561000823
140  0.2427193522453308  -0.4670319557189941  0.3420808017253875
141  0.1550445258617401  -0.4941067695617676  0.3059627115726471
142  0.1212793290615082  -0.08333231508731842  0.7808491885662079
143  0.1575606167316437  -0.3076622188091278  0.4531610310077667
144  -0.1503365933895111  -0.3630554676055908  0.4020301401615143
145  -0.3593115508556367  -0.4679718017578125  0.1752245724201202
146  -0.3094169199466706  -0.417334258556366  0.157428115606308
147  -0.3325887620449067  -0.5512480735778809  0.2417314350605011
148  -0.4269904792308807  -0.5262119770050049  0.2334183752536774
149  -0.4413330256938934  -0.4932961463928223  0.249186247587204
150  -0.4366726577281952  -0.4886605739593506  0.2172715365886688
151  -0.4095307886600494  -0.4089540839195251  0.1779502332210541
152  -0.3258163630962372  -0.4895600080490112  0.2624684870243073
153  -0.3826973140239716  -0.489161491394043  0.2622773349285126
154  -0.5372494161128998  -0.4227375984191895  0.2674569189548492
155  -0.525791734457016  -0.3828387856483459  0.226212352514267
156  -0.5231594741344452  -0.4147429466247559  0.2268335521221161
157  -0.515557736158371  -0.4235412776470184  0.2840169966220856
158  -0.5013370215892792  -0.4330120086669922  0.2609986364841461
159  -0.5396784245967865  -0.3866176605224609  0.2579489648342133
160  -0.5767475068569183  -0.4080034196376801  0.282342940568924
161  -0.3245365917682648  -0.5465946197509766  0.2118503749370575
162  -0.4943980872631074  -0.429192066192627  0.2218587100505829
163  -0.4973532855510712  -0.3849844932556152  0.269454687833786
164  -0.478876918554306  -0.4793573617935181  0.2458212077617645
165  -0.500135749578476  -0.3719476461410522  0.2852931916713715
166  -0.4081830084323884  -0.03932675719261169  0.1212606132030487
167  -0.2676927149295807  0.01930164732038975  0.09671738743782043
168  -0.4088562428951264  0.07460743188858032  0.1199310123920441
169  -0.3837986290454865  -0.1976231038570404  0.3367067873477936
170  -0.3826973140239716  -0.2706630229949951  0.3038062155246735
171  -0.2989213168621064  -0.351107120513916  0.2814752757549286
172  -0.375220388174057  -0.1314546912908554  0.3840950429439545
173  -0.3030281364917755  -0.1699244379997253  0.3878404200077057
174  -0.3240974247455597  -0.2417376339435577  0.3291469514369965
175  -0.4577634036540985  -0.2639974057674408  0.3079445660114288
176  -0.5977557599544525  -0.3296331763267517  0.2962146103382111
177  -0.629941314458847  -0.3080038726329803  0.2883247435092926
178  -0.5902538001537323  -0.2289249300956726  0.3452735841274261
179  -0.5772108733654022  -0.2216627299785614  0.2186403572559357
180  -0.6318531930446625  -0.1308326423168182  0.2289194166660309
181  -0.601195901632309  -0.2633867263793945  0.3263028562068939
182  -0.5520060956478119  -0.2357335537672043  0.3332685530185699
183  -0.5261459052562714  -0.1153447777032852  0.1717691719532013
184  -0.6263280808925629  0.03821860253810883  0.2246028482913971
185  -0.4369530379772186  -0.07467607408761978  0.4118237197399139
186  -0.4394690692424774  -0.1910413056612015  0.3386014997959137
187  -0.5418668687343597  0.007025816012173891  0.1753469407558441
188  -0.5173316895961761  -0.1083678379654884  0.4062120616436005
189  -0.7436210811138153  -0.002753019332885742  0.3686669170856476
190  -0.6921918094158173  0.02430649846792221  0.2778287827968597
191  -0.6923520267009735  -0.06373021751642227  0.2757569253444672
192  -0.7063787877559662  -0.06499984115362167  0.3793853223323823
193  -0.7174486815929413  -0.05730937048792839  0.3126486837863922
194  -0.2541240155696869  -0.1764788031578064  0.4545305073261261
195  -0.353213757276535  -0.07903570681810379  0.4411974847316742
196  -0.2271340191364288  -0.1174019649624825  0.5957252979278564
197  -0.3116314113140106  -0.07173719257116318  0.557355135679245
198  -0.398700088262558  0.04928570613265038  0.5743047297000885
199  -0.2816554605960846  -0.105158343911171  0.5327576696872711
200  -0.3793635666370392  0.005301952362060547  0.5654716193675995
201  -0.3796412646770477  -0.02836527861654758  0.5253943502902985
202  -0.3424835503101349  -0.01327944546937943  0.5756454467773438
203  -0.3301412761211395  -0.05521798133850098  0.5399982035160065
204  -0.6344059407711029  -0.1525631099939346  0.3849612176418304
205  -0.6515233218669891  0.04064410924911499  0.4726391732692719
206  -0.590899795293808  0.0891096442937851  0.5380757749080658
207  -0.5576166808605194  -0.0322263166308403  0.452180415391922
208  -0.6363045871257782  -0.009838880971074104  0.4378505647182465
209  -0.5955687463283539  0.04276104643940926  0.487730473279953
210  -0.5133646428585052  0.02923749200999737  0.501484602689743
211  -0.3049982488155365  -0.01867063157260418  0.6246248483657837
212  -0.4367015063762665  -0.007833890616893768  0.505397766828537
213  -0.496762603521347  -0.04222024604678154  0.4449829757213593
214  -0.6824024617671967  0.08598136901855469  0.5953395962715149
215  -0.8831232488155365  0.05693715065717697  0.5868283212184906
216  -0.8568806350231171  0.06258812546730042  0.5295180976390839
217  -0.8377672135829926  0.02635575644671917  0.5391391813755035
218  -0.8259162604808807  0.04719257354736328  0.5231857597827911
219  -0.6835815608501434  -0.06699761748313904  0.3967377245426178
220  -0.82207390666008  0.05947279930114746  0.4837760031223298
221  -0.7650698125362396  0.05054235458374023  0.5295420587062836
222  -0.8064950406551361  0.0267651192843914  0.5814272165298462
223  -0.7419993579387665  0.03576872870326042  0.4574554860591889
224  -0.7699882686138153  0.04799206927418709  0.7308734357357025
225  -0.8831202685832977  -0.005921125411987305  0.7948382198810577
226  -0.7901670634746552  0.03062359988689423  0.631292462348938
227  -0.8812974393367767  -0.01636096090078354  0.6937628090381622
228  -0.9016201198101044  -0.02570570446550846  0.7773362100124359
229  -0.92890664935112  -0.007715281099081039  0.7999640107154846
230  -0.9069752395153046  0.002038478851318359  0.6418686509132385
231  -0.9034065902233124  0.04222726821899414  0.6064906418323517
232  -0.8937719762325287  -0.02783238887786865  0.6589033603668213
233  -0.8843671977519989  -0.00166010856628418  0.6380699574947357
234  -0.9270130097866058  -0.02584712393581867  0.7964192926883698
235  -0.9083637893199921  -0.02745361998677254  0.6587318480014801
236  -0.8754498660564423  0.01705598831176758  0.5907765924930573
237  -0.9034065902233124  0.01780366897583008  0.6064906418323517
238  -0.7406078279018402  -0.04049753397703171  0.3324591219425202
239  -0.7424814403057098  0.004226436372846365  0.4155944287776948
240  -0.7689718902111053  0.05106425285339355  0.423943430185318
241  -0.7391316592693329  -0.02614855766296387  0.3941077888011933
242  -0.2982400953769684  -0.2559047341346741  0.1199571192264557
243  -0.389038473367691  -0.4305984973907471  0.2641448080539703
244  -0.5589586198329926  -0.3071829676628113  0.2255156934261322
245  -0.3948430120944977  -0.3266909122467041  0.2856192886829376
246  -0.5954000651836395  -0.3172579109668732  0.2549053728580475
247  -0.4359816014766693  -0.3122701346874237  0.1740911900997162
248  -0.4401467740535736  -0.3828559517860413  0.2788576185703278
249  -0.6429671943187714  -0.2376705855131149  0.3384264409542084
250  -0.6512113511562347  -0.2464529871940613  0.3207405507564545
251  -0.6854430139064789  -0.1867271065711975  0.3385096490383148
252  -0.6843204200267792  -0.2014476358890533  0.3040598332881927
253  -0.6597537696361542  -0.211188793182373  0.2707244455814362
254  -0.6841945350170135  -0.1960753798484802  0.2824310958385468
255  -0.6539343297481537  0.08119978755712509  0.5360694825649261
256  -0.7104451358318329  0.06744098663330078  0.5295420587062836
257  0.3965119421482086  0.2072850465774536  0.3086389005184174
258  0.3293212801218033  0.008981369435787201  0.234287828207016
259  0.305562436580658  0.2430916130542755  0.234522670507431
260  0.2507356405258179  0.5175591111183167  0.3888925015926361
261  0.4058405458927155  0.2517939209938049  0.3323058187961578
262  0.2315153777599334  0.4060847461223602  0.255325049161911
263  0.2365825474262237  0.2852394580841064  0.2078066766262054
264  0.3250982463359833  0.3252541720867157  0.2845155894756317
265  0.4409790188074112  0.2780777812004089  0.4061143100261688
266  0.3599627763032913  0.3516899645328522  0.3373186290264129
267  -0.001551896333694514  0.2000970840454102  0.1181989014148712
268  -0.02620962262153631  0.2626422941684723  0.1237242519855499
269  0.06623288989067072  0.4002159833908081  0.1749910414218903
270  0.03683546185493464  0.227379322052002  0.1270135343074799
271  -0.1134879291057587  0.4711686968803406  0.1738480627536774
272  -0.04870000481605533  0.4687762558460236  0.1758200228214264
273  -0.2426123917102814  0.4703892171382904  0.1758762896060944
274  0.09451648592948908  0.4988566637039185  0.2251924574375153
275  0.1399373412132263  0.4704375267028809  0.2269967496395111
276  0.1557532548904418  0.4966834187507629  0.265014261007309
277  0.1623092293739318  0.4324779212474823  0.2242390811443329
278  0.1882841289043426  0.2526128888130188  0.1742509305477142
279  -0.1589349806308747  0.329892635345459  0.1331999003887177
280  -0.02868768572807315  0.4657929241657257  0.1757877171039581
281  -0.0289009511470795  0.6279422640800476  0.2827105224132538
282  0.1971098482608795  0.5690636038780212  0.3894449174404144
283  0.05960908532142634  0.5875460505485535  0.2831735908985138
284  0.08461636304855341  0.6224134564399719  0.3589362800121307
285  -0.2051994502544403  0.5737972855567932  0.2259097397327423
286  -0.19977405667305  0.6949434280395508  0.3404744565486908
287  -0.08653900027275088  0.6833252310752869  0.3393148481845856
288  -0.05347695946693423  0.603449821472168  0.2577837407588959
289  0.08591663837432856  0.5249406695365906  0.2358331382274628
290  0.482088714838028  0.1663341522216797  0.4749174416065216
291  0.4627454504370689  0.2004082798957825  0.3924835622310638
292  0.4676716700196266  0.2535451352596283  0.4699394404888153
293  0.4655625522136688  0.2673423886299133  0.5345439016819
294  0.5002682954072952  0.1305809170007706  0.5236111581325531
295  0.2986641228199005  0.4999972283840179  0.533418208360672
296  0.4079811125993729  0.3580769002437592  0.430722028017044
297  0.3515677601099014  0.414470762014389  0.3954594433307647
298  0.3480794280767441  0.4407621622085571  0.4831437170505523
299  0.4696702733635902  0.2358128130435944  0.6421197056770325
300  0.464076355099678  0.1531513780355453  0.7198636531829834
301  0.421076774597168  0.1857307255268097  0.7885047197341919
302  0.4657856747508049  0.07860179245471954  0.7197211086750031
303  0.3503280133008957  0.4440363347530365  0.5861337780952454
304  0.3593792319297791  0.3444241583347321  0.7784163653850555
305  0.3527442067861557  0.4104218780994415  0.6789746582508087
306  0.4253886342048645  0.3479353487491608  0.5464423000812531
307  0.4086845070123672  0.3662704825401306  0.6066473126411438
308  0.4123181402683258  0.3019832074642181  0.7319182455539703
309  0.4179403632879257  0.2492410242557526  0.7755788266658783
310  0.3754993379116058  0.2255204170942307  0.8311107456684113
311  0.379576563835144  0.1696388572454453  0.8283614069223404
312  0.284502387046814  0.5093791484832764  0.4728459417819976
313  0.2182593047618866  0.5731172561645508  0.5089812576770782
314  0.2588588297367096  0.5286298990249634  0.6291942894458771
315  0.3044071197509766  0.5259003639221191  0.6105577349662781
316  0.1170515418052673  0.6415784358978271  0.4995176494121552
317  0.02833667397499084  0.68521648645401  0.4381417334079742
318  0.1145126819610596  0.6368061304092407  0.579456627368927
319  0.1378639042377472  0.6311993002891541  0.4475872218608856
320  0.1404411494731903  0.6320546269416809  0.5397727191448212
321  0.02744671702384949  0.68655925989151  0.4699613749980927
322  -0.1247811019420624  0.7408551573753357  0.493912011384964
323  -0.2041995227336884  0.7527246475219727  0.5279345214366913
324  -0.2081653773784637  0.7464895844459534  0.6263692080974579
325  0.1926419734954834  0.5815712213516235  0.6671798527240753
326  -0.01532885432243347  0.6808667778968811  0.6626587808132172
327  0.05957326292991638  0.6348860263824463  0.7158332169055939
328  -0.03154721856117249  0.5697746872901917  0.8352141529321671
329  0.1856099963188171  0.5182645320892334  0.7617524862289429
330  0.2124030888080597  0.5472774505615234  0.6805815100669861
331  0.1258753836154938  0.5734928250312805  0.732143372297287
332  -0.005800157785415649  0.5978227257728577  0.7915076315402985
333  0.09414184093475342  0.6363353133201599  0.7151040732860565
334  0.09065172076225281  0.6022462248802185  0.7366991937160492
335  -0.0794048011302948  0.6864249706268311  0.7227399945259094
336  -0.2302606403827667  0.7387734651565552  0.6685358285903931
337  -0.1553215086460114  0.6949046850204468  0.7338095605373383
338  -0.1140341460704803  0.6408360004425049  0.8034096956253052
339  0.1731773316860199  0.5950294733047485  0.6117091476917267
340  0.01802501082420349  0.6910749673843384  0.5602932274341583
341  0.1089933812618256  0.6106541752815247  0.697157233953476
342  -0.131779283285141  0.7375269532203674  0.6165512502193451
343  -0.05494955182075503  0.7037353515625  0.4202928245067596
344  -0.05814722180366516  0.6567663550376892  0.7467860877513885
345  -0.0192437469959259  0.6376352310180664  0.7793233394622803
346  -0.05944892764091492  0.6286106109619141  0.7893039882183075
347  -0.005232244729995728  0.6383035182952881  0.7468580007553101
348  -0.05348792672157288  0.6907715201377869  0.6791816055774689
349  -0.1305384337902069  0.741378128528595  0.5802584886550903
350  0.02276918292045588  0.6448217630386353  0.3416707813739777
351  0.0889720618724823  0.6439327001571655  0.4151422679424286
352  -0.1372637450695038  0.739237368106842  0.4456624686717987
353  -0.2307718694210053  0.744633674621582  0.4453578293323517
354  0.2455266714096069  0.4703496992588043  0.3211475312709808
355  0.268702894449234  0.5273590683937073  0.5908947885036469
356  0.3086508512496948  0.4762334525585175  0.6416372656822205
357  0.3163791298866272  0.4919383525848389  0.5874918401241302
358  -0.07056316733360293  0.5774281620979309  0.229640930891037
359  0.07090809941291809  0.5694115161895752  0.7824034094810486
360  0.08703976869583124  0.07670255750417709  0.1206943094730377
361  0.1312281787395477  0.3319728374481201  0.1749155819416046
362  0.2048487961292266  0.3975802361965179  0.2314231693744659
363  0.2210780680179596  0.5615925192832947  0.5790008306503296
364  0.2057809233665466  0.5768432021141052  0.633292943239212
365  0.106795310974121  0.5778845548629761  0.3045960962772369
366  -0.3678330481052399  0.1150284856557846  0.1178863346576691
367  -0.3583971560001374  0.1989699006080627  0.123352438211441
368  -0.464689701795578  0.2476481795310974  0.1721332371234894
369  -0.417904406785965  0.3606270551681519  0.178786963224411
370  -0.3069914877414704  0.247407540678978  0.1206900179386139
371  -0.1904871165752411  0.3022321462631226  0.1217131912708282
372  -0.6370492875576019  0.2952568233013153  0.2837662994861603
373  -0.6289802491664886  0.09800048172473907  0.2323545515537262
374  -0.6399880349636078  0.1765631139278412  0.2601010501384735
375  -0.5201701819896698  0.1349117904901505  0.173640102148056
376  -0.6298639476299286  0.4342564046382904  0.3378355205059052
377  -0.5703910291194916  0.2509607374668121  0.225339263677597
378  -0.1990547478199006  0.2766819596290588  0.118842214345932
379  -0.3685546219348907  0.4020183086395264  0.175439864397049
380  -0.5006764829158783  0.3916450142860413  0.2295279204845428
381  -0.7375436723232269  0.1521546691656113  0.3341898024082184
382  -0.7075761258602142  0.3241340816020966  0.368822067975998
383  -0.3537954390048981  0.6292323470115662  0.2858239114284515
384  -0.5310907065868378  0.6336578130722046  0.4054618775844574
385  -0.5689673125743866  0.5246745944023132  0.3318598568439484
386  -0.3280727565288544  0.1181905269622803  0.6934159696102142
387  -0.3316483199596405  0.09490633010864258  0.6411161124706268
388  -0.2734480798244476  0.1135427951812744  0.6934159696102142
389  -0.3818254172801971  0.09046811610460281  0.6420511603355408
390  -0.286663681268692  0.1376569122076035  0.7692875564098358
391  -0.3941030204296112  0.1149544715881348  0.7403336465358734
392  -0.6276528537273407  0.09452932327985764  0.8338733017444611
393  -0.4935936629772186  0.1244458928704262  0.6463063061237335
394  -0.5028254687786102  0.1136343479156494  0.752624899148941
395  -0.5697999894618988  0.1177458390593529  0.6414649784564972
396  -0.5839789807796478  0.1077809482812881  0.5843735933303833
397  -0.427160233259201  0.1110649108886719  0.7481157183647156
398  -0.4721408784389496  0.09353866428136826  0.5689586997032166
399  -0.8314615190029144  0.1131699085235596  0.4823564589023591
400  -0.851039856672287  0.07048217207193375  0.4967842996120453
401  -0.8417576253414154  0.1473998576402664  0.500559002161026
402  -0.7902012765407562  0.2441749274730682  0.4451211392879487
403  -0.8477852046489716  0.183943048119545  0.5453771650791168
404  -0.7969445884227753  0.113278441131115  0.4223726689815522
405  -0.7372054755687714  0.4070684313774109  0.4743888676166535
406  -0.6928718984127045  0.489305168390274  0.4743281900882721
407  -0.7372015416622162  0.4656039476394653  0.5485821664333344
408  -0.7909851968288422  0.3689029812812805  0.5574148595333099
409  -0.8324672877788544  0.2902498543262482  0.6970025300979614
410  -0.795864075422287  0.3599158525466919  0.7250711619853973
411  -0.7383025586605072  0.4655445516109467  0.6785947680473328
412  -0.9072817265987396  0.07267675548791885  0.6655427217483521
413  -0.8580814301967621  0.1736590713262558  0.5902357399463654
414  -0.8484985530376434  0.2010998129844666  0.5578477084636688
415  -0.7978945672512054  0.2736412584781647  0.4834368526935578
416  -0.7652594745159149  0.2710025906562805  0.4206449091434479
417  -0.8453558385372162  0.2519371211528778  0.6211975812911987
418  -0.8893545567989349  0.1601256281137466  0.7202834188938141
419  -0.6345004737377167  0.5712166428565979  0.4596197903156281
420  -0.5917187631130219  0.5959528684616089  0.4330810606479645
421  -0.6315835416316986  0.5941383242607117  0.6098212897777557
422  -0.5180440843105316  0.6844017505645752  0.5024606287479401
423  -0.5449179112911224  0.6540045738220215  0.4783903062343597
424  -0.5739828050136566  0.6307268142700195  0.447443038225174
425  -0.5926743447780609  0.6202080845832825  0.5040487349033356
426  -0.310622364282608  0.740497887134552  0.6646550595760345
427  -0.3579798638820648  0.6843043565750122  0.7749342918395996
428  -0.5231656730175018  0.6868948340415955  0.6191896200180054
429  -0.5538495481014252  0.6528584957122803  0.6472323834896088
430  -0.6258080899715424  0.5790809392929077  0.7201430201530457
431  -0.6305075585842133  0.5264193415641785  0.8187291175127029
432  -0.4052166640758514  0.7396583557128906  0.5573789179325104
433  -0.5230343043804169  0.6863625645637512  0.5676554143428802
434  -0.4789350926876068  0.6927559971809387  0.6489351391792297
435  -0.416269987821579  0.700403094291687  0.6980080902576447
436  -0.79277703166008  0.0850457027554512  0.3928848803043366
437  -0.737790435552597  0.2500259578227997  0.3768366873264313
438  -0.7443408668041229  0.328778088092804  0.420314759016037
439  -0.740092009305954  0.3098468780517578  0.389801174402237
440  -0.3478067815303802  0.7390490770339966  0.4482123553752899
441  -0.3977065980434418  0.6882239580154419  0.3800977766513824
442  -0.6305710971355438  0.5254193544387817  0.3954772651195526
443  -0.4705918729305267  0.6326021552085876  0.3420628011226654
444  -0.4577225148677826  0.6847231388092041  0.4206972420215607
445  -0.2606334388256074  0.5835188031196594  0.2337341010570526
446  -0.5503425300121307  0.4676643311977386  0.2875913083553314
447  -0.4526501595973969  0.5633516907691956  0.2836166322231293
448  -0.6035427749156952  0.5322487950325012  0.3726390302181244
449  -0.6467995345592499  0.4854002296924591  0.38821741938591
450  -0.40275838971138  0.498765617609024  0.226991206407547
451  -0.7376831471920013  0.4703823029994965  0.6183806359767914
452  -0.6870162189006805  0.5265202522277832  0.4918947517871857
453  -0.7095906436443329  0.4944510459899902  0.5279400050640106
454  -0.6842450797557831  0.5225224494934082  0.7174588739871979
455  -0.6858082711696625  0.5332677364349365  0.6402309834957123
456  -0.6830029189586639  0.5356125831604004  0.5595755279064178
457  -0.6548865735530853  0.545849084854126  0.733096182346344
458  0.05245062708854675  -0.05119538679718971  0.8519758433103561
459  -0.01001229882240295  -0.0477602407336235  0.8877209722995758
460  -0.006496042013168335  -0.08520817756652832  0.8573014140129089
461  0.1421970129013062  0.08078771084547043  0.9031924903392792
462  0.1436720490455627  0.002293220721185207  0.8898999392986298
463  0.04868921637535095  0.07426640391349792  0.8914391845464706
464  0.05831471085548401  -0.01876493543386459  0.8874571025371552
465  -0.05318281054496765  -0.09193229675292969  0.8685830533504486
466  -0.09983333945274353  -0.05093752592802048  0.9081194549798965
467  -0.08432236313819885  -0.0574028491973877  0.8785473108291626
468  -0.05561628937721252  -0.05309867858886719  0.8746549189090729
469  -0.2016566693782806  -0.02579568512737751  0.9521635994315147
470  -0.08447262644767761  0.03025613538920879  0.879169225692749
471  -0.09552839398384094  0.05755455419421196  0.9090415090322495
472  -0.1124357283115387  0.02676087059080601  0.9656483009457588
473  -0.1200127303600311  0.0103759765625  1.01609344035387
474  -0.1333526074886322  -0.03090088255703449  0.993768036365509
475  -0.1608715951442719  -0.01721668243408203  0.967987172305584
476  -0.1549712121486664  -0.04379549622535706  0.949362650513649
477  -0.1007578670978546  -0.09288191795349121  0.8662205934524536
478  -0.1114775836467743  -0.08413243293762207  0.9110555052757263
479  -0.1453965604305267  -0.08497021347284317  0.8668312132358551
480  -0.1286578476428986  -0.04179692268371582  0.9573205932974815
481  -0.1349432170391083  -0.08428755402565002  0.9461718946695328
482  -0.1555719077587128  0.0003685951232910156  1.012699961662292
483  -0.1408340036869049  0.08935843408107758  1.109013266861439
484  -0.1568408906459808  0.06293845176696777  1.086325168609619
485  -0.0756966173648834  0.07739440351724625  1.047166268341243
486  -0.09524485468864441  0.05622005462646484  1.025359682738781
487  -0.1400461494922638  0.0282965786755085  1.05139487516135
488  -0.02417710423469543  -0.08231732249259949  0.8861196786165237
489  -0.05828854441642761  0.05670184642076492  0.8767744302749634
490  -0.05724558234214783  -0.008378982543945312  0.8706457912921906
491  -0.05652806162834167  -0.02034473419189453  0.8885160982608795
492  0.003819793462753296  -0.004301299341022968  0.8867445439100266
493  -0.05439022183418274  -0.05662941932678223  0.8908353447914124
494  -0.5307844579219818  0.07799889892339706  1.143864549696445
495  -0.601195901632309  0.07060790061950684  1.130413077771664
496  -0.6138462722301483  0.0846443846821785  1.170236498117447
497  -0.7686940133571625  0.05210715904831886  0.9697576463222504
498  -0.8909934461116791  -0.02545612305402756  0.9639186412096024
499  -0.8594506680965424  0.04051512107253075  0.9233784526586533
500  -0.8242699801921844  0.03774417564272881  0.9101481437683105
501  -0.8100423514842987  0.02999463304877281  0.9627705812454224
502  -0.8730034530162811  0.007273197174072266  0.9115530848503113
503  -0.9393126666545868  0.05707297101616859  0.9178694635629654
504  -0.9289436042308807  -0.04509377479553223  1.021163791418076
505  -0.9902758300304413  0.003298567840829492  1.070024742744863
506  -0.9372631013393402  -0.005753993988037109  0.9423943385481834
507  -0.9642240703105927  -0.0009350776672363281  0.9575027897953987
508  -0.9719078242778778  -0.006773233413696289  0.9084480404853821
509  -0.6994348466396332  0.07905909419059753  1.149419233202934
510  -0.7620911300182343  0.03202086687088013  1.069055312313139
511  -0.8500530421733856  0.01769670657813549  1.089616952463984
512  -0.9824577271938324  0.05708479881286621  1.075788374990225
513  -0.9654769599437714  0.07726940512657166  1.220488473773003
514  -0.9776177108287811  0.05852365493774414  1.184252098202705
515  -0.9305485188961029  0.002530097961425781  1.129417553544044
516  -0.9658196866512299  0.02074678801000118  1.167372301220894
517  -0.9784633815288544  0.003289699554443359  1.128548793494701
518  -0.9892687499523163  0.05708479881286621  1.130413077771664
519  -0.7545507848262787  0.03163859620690346  1.021911613643169
520  -0.8614685237407684  -0.01672299951314926  1.023525059223175
521  -0.9759250581264496  -0.03962871059775352  1.053938003256917
522  -0.8666732013225555  0.01892988383769989  0.8565845340490341
523  -0.9361443221569061  -0.001160860061645508  0.9086592197418213
524  -0.8954670131206512  -0.02942013740539551  0.9233777821063995
525  -0.9694118201732635  -0.04342014342546463  0.903692290186882
526  -0.9628336131572723  -0.03751670196652412  0.9623129963874817
527  -0.850123256444931  0.05821007490158081  1.131964914500713
528  -0.9622562825679779  -0.03507984802126884  1.107090603560209
529  -0.9318004548549652  0.05850151553750038  1.182327724993229
530  -0.6585050523281097  0.07109388709068298  1.01816738024354
531  -0.6818430125713348  0.08366608619689941  0.9718138203024864
532  -0.7139758765697479  0.04183554649353027  1.070644129067659
533  -0.6193206012248993  0.05881859734654427  1.077135900966823
534  0.3520660698413849  0.09116742759943008  0.8337893038988113
535  0.287468433380127  0.2016316205263138  0.8836001455783844
536  0.173196017742157  0.2741718590259552  0.9181175082921982
537  0.1795122921466827  0.2094316035509109  0.9183535128831863
538  0.2521632313728333  0.1008879467844963  0.8832661658525467
539  0.2753898203372955  0.2768413722515106  0.8835225701332092
540  0.02613040804862976  0.1225353479385376  0.8817823976278305
541  0.0561012327671051  0.2446833848953247  0.9126692414283752
542  -0.06913027167320251  0.1663341522216797  0.8904223442077637
543  -0.07936760783195496  0.07450336217880249  0.8862567543983459
544  -0.04754307866096497  0.2586616277694702  0.8884100764989853
545  -0.04604062438011169  0.1690069288015366  1.027581300586462
546  -0.09326979517936707  0.1828237026929855  0.9179370254278183
547  -0.09367057681083679  0.1274461448192596  0.9742647781968117
548  0.06062749028205872  0.4611205160617828  0.8868628293275833
549  0.1089242994785309  0.3848326206207275  0.9035349786281586
550  0.05557134747505188  0.3576819002628326  0.9092034548521042
551  0.1075827181339264  0.31016606092453  0.9205513298511505
552  -0.06827357411384583  0.3779416978359222  1.018116667866707
553  -0.1715374290943146  0.4411706924438477  0.9665371105074883
554  -0.1944723427295685  0.4597969055175781  0.9866163954138756
555  -0.04539021849632263  0.4431252479553223  0.8857850283384323
556  -0.1442146599292755  0.388385534286499  0.9656205996870995
557  -0.1415545046329498  0.3848326206207275  0.9343084692955017
558  -0.1095742285251617  0.3848326206207275  0.909890204668045
559  -0.1063381731510162  0.3264420032501221  0.9185854196548462
560  -0.1032831966876984  0.3390943109989166  0.9698299691081047
561  -0.1403404772281647  0.3547071814537048  0.9410204440355301
562  -0.1021357476711273  0.1633865833282471  1.110096350312233
563  -0.1383163034915924  0.3082137107849121  1.157618552446365
564  -0.2274692952632904  0.2283225059509277  1.196811780333519
565  -0.2194225490093231  0.1074965000152588  1.134141534566879
566  -0.1354833543300629  0.237802267074585  1.157753452658653
567  -0.1876200139522552  0.3895838260650635  1.179714605212212
568  -0.1940744817256927  0.4122075736522675  1.212119475007057
569  -0.07875958085060117  0.3632839322090149  1.104488380253315
570  -0.2180633842945099  0.4369447231292725  1.188014954328537
571  -0.2251320779323578  0.3906488418579102  1.216606557369232
572  -0.2213830053806305  0.3912680149078369  1.189996123313904
573  -0.1285968720912933  0.4204521179199219  1.108525693416595
574  -0.1745682060718536  0.4310048818588257  1.133432134985924
575  -0.216158241033554  0.4440586566925049  1.139791443943977
576  -0.0773878991603851  0.4206816554069519  1.061211008112878
577  -0.0537968575954437  0.331168919801712  1.077676279470325
578  -0.1989113390445709  0.4666111469268799  1.075821027159691
579  -0.1669345200061798  0.4472877681255341  1.023300092667341
580  -0.1654995977878571  0.4619588851928711  1.074452877044678
581  -0.1145335733890533  0.4384644031524658  1.073864482343197
582  -0.08042231202125549  0.4237918555736542  1.037302678450942
583  -0.0252625048160553  0.2496945708990097  0.88380466401577
584  -0.05201873183250427  0.3745191693305969  0.8887287825345993
585  -0.09452131390571594  0.2311306595802307  0.9562530443072319
586  -0.05157050490379333  0.3372402191162109  1.021320998668671
587  -0.09450945258140561  0.2244202196598053  1.121142417192459
588  -0.02074143290519714  0.3085455000400543  1.0453782081604
589  -0.01505407691001892  0.4763612747192383  0.884975403547287
590  -0.05342200398445127  0.1730618476867676  1.070385843981057
591  -0.02114924788475034  0.1805900931358337  1.046949904412031
592  0.008586138486862183  0.3607886135578156  0.8978375792503357
593  -0.2441490590572357  0.5515817999839783  0.9660102128982544
594  -0.2185027301311493  0.6353994011878967  0.8596650213003159
595  -0.2306267321109772  0.6000553369522095  0.9051153957843781
596  -0.1166194975376129  0.5440520048141479  0.8773969560861588
597  -0.2385328710079193  0.323392391204834  1.23522387444973
598  -0.2441147267818451  0.2473811209201813  1.24556939303875
599  -0.2055967748165131  0.494081974029541  0.9742635861039162
600  -0.2291222512722015  0.5060878396034241  1.01989172026515
601  -0.170736163854599  0.548086404800415  0.9085709601640701
602  -0.1597113311290741  0.4672559797763824  0.9315004199743271
603  -0.0911162793636322  0.4974047243595123  0.8806077092885971
604  -0.2397044599056244  0.5237421989440918  1.315062642097473
605  -0.2347035706043243  0.5310637354850769  1.366064161062241
606  -0.2403568923473358  0.5361997485160828  1.443744033575058
607  0.2383421659469604  0.3376780152320862  0.8861982524394989
608  0.1693627238273621  0.3919340074062347  0.8872071951627731
609  0.1635489165782928  0.3302078247070312  0.9098663926124573
610  -0.2790660560131073  0.1500709056854248  0.9119144976139069
611  -0.2442736923694611  0.1271717399358749  0.9114214479923248
612  -0.4345060288906097  0.1656782627105713  0.9161979854106903
613  -0.3554568588733673  0.1975308209657669  0.9790386706590652
614  -0.4447340667247772  0.2014270573854446  0.9597977101802826
615  -0.4139542281627655  0.1966820955276489  0.9391718283295631
616  -0.298076719045639  0.149242028594017  0.8549041301012039
617  -0.3614962995052338  0.1794306039810181  0.918544813990593
618  -0.4698798358440399  0.08961229026317596  0.8573113530874252
619  -0.487284392118454  0.1579937934875488  1.013644248247147
620  -0.5068193376064301  0.1229019165039062  0.9581189379096031
621  -0.5400870740413666  0.1554696559906006  0.9681163802742958
622  -0.6618424355983734  0.1098203659057617  0.9643643274903297
623  -0.6009906232357025  0.1124439239501953  1.004800587892532
624  -0.4959708154201508  0.1112799644470215  0.9155871272087097
625  -0.4965889155864716  0.1482794284820557  0.9341781139373779
626  -0.6048670709133148  0.1346443593502045  0.9596547782421112
627  -0.5467064082622528  0.1576395183801651  0.9988362118601799
628  -0.5456150472164154  0.1326868534088135  0.9559781178832054
629  -0.5412002503871918  0.110722541809082  1.02092083543539
630  -0.5437195003032684  0.111302375793457  0.9123489856719971
631  -0.6327546536922455  0.4808394312858582  1.014115285128355
632  -0.6601426303386688  0.4435503482818604  0.9799035117030144
633  -0.623966783285141  0.4814051687717438  0.9693302065134048
634  -0.5480721890926361  0.4971745014190674  1.028796501457691
635  -0.5571727454662323  0.5328297019004822  0.9385926574468613
636  -0.2766598761081696  0.1065061092376709  1.083556450903416
637  -0.332976907491684  0.127251610159874  1.131858095526695
638  -0.3383439481258392  0.1297534555196762  1.093927819281816
639  -0.3054326474666595  0.1304979771375656  1.224500611424446
640  -0.4067625105381012  0.1380137503147125  1.212424874305725
641  -0.3858335912227631  0.1337192058563232  1.185638844966888
642  -0.3216626346111298  0.1272821426391602  1.182051435112953
643  -0.3371381461620331  0.1514060497283936  1.130987413227558
644  -0.4133401811122894  0.145097091794014  1.130686774849892
645  -0.2703488767147064  0.2319877445697784  1.239076271653175
646  -0.3300342857837677  0.1547038555145264  1.193330109119415
647  -0.3934841454029083  0.1711887270212173  1.235567852854729
648  -0.323822408914566  0.1713168621063232  1.222200706601143
649  -0.4060142338275909  0.1467449516057968  1.191348358988762
650  -0.4936933219432831  0.09836196899414062  1.180612176656723
651  -0.5376034677028656  0.09219264984130859  1.182998396456242
652  -0.6694429814815521  0.1417115032672882  1.225217252969742
653  -0.6901675164699554  0.1065778583288193  1.180987387895584
654  -0.5942808091640472  0.1323858946561813  1.241239294409752
655  -0.2672469317913055  0.485161304473877  1.137566156685352
656  -0.2654194533824921  0.3272643089294434  1.242819055914879
657  -0.2521150410175323  0.4393527507781982  1.230123668909073
658  -0.2512082159519196  0.4420075416564941  1.189940929412842
659  -0.3805557191371918  0.5163629055023193  1.129950873553753
660  -0.3840884864330292  0.5195975303649902  1.095533780753613
661  -0.2490347325801849  0.4094762802124023  1.155309818685055
662  -0.5464150607585907  0.4917552471160889  1.067036394029856
663  -0.6357034146785736  0.4626160860061646  1.09725297242403
664  -0.5506932437419891  0.4865154027938843  1.132385849952698
665  -0.5977621972560883  0.482025146484375  1.073607586324215
666  -0.2860196530818939  0.1550139933824539  0.9979313462972641
667  -0.351362556219101  0.19207563996315  1.050800003111362
668  -0.4390309751033783  0.1700625419616699  1.03607552498579
669  -0.4284627139568329  0.2003943920135498  1.024208925664425
670  -0.4048391282558441  0.1911745369434357  1.05544111924246
671  -0.4946183860301971  0.5070841312408447  1.081606414169073
672  -0.6084575355052948  0.4630613327026367  1.070993401110172
673  -0.610367625951767  0.4635796546936035  1.024387627840042
674  -0.5619986951351166  0.4615746736526489  1.046878598630428
675  -0.3067062795162201  0.3180899620056152  1.260541468858719
676  -0.3339614570140839  0.2419817298650742  1.252077773213387
677  -0.4392708241939545  0.1113580018281937  0.8651358783245087
678  -0.5199073255062103  0.1976245492696762  0.9893101751804352
679  -0.4986332356929779  0.1621336936950684  0.9590863510966301
680  -0.4447459876537323  0.1300118863582611  1.076502555049956
681  -0.4302680194377899  0.1273508071899414  1.188156694173813
682  -0.4339054524898529  0.1188991069793701  1.131197720766068
683  -0.4958014190196991  0.08512040227651596  1.136661492288113
684  -0.4370655715465546  0.5146775841712952  1.121313389390707
685  -0.4694201648235321  0.1434121131896973  1.05177840590477
686  -0.8324587047100067  0.2892451882362366  0.9693438112735748
687  -0.7471068799495697  0.08220138400793076  0.8859666734933853
688  -0.8640041053295135  0.2544752061367035  0.9193563312292099
689  -0.8657715022563934  0.2658035755157471  0.9613935574889183
690  -0.84482142329216  0.1910794824361801  0.9434638917446136
691  -0.8555334508419037  0.2485526502132416  0.8576994687318802
692  -0.8800179660320282  0.1725947856903076  0.9442827925086021
693  -0.8777014911174774  0.2222151756286621  0.960826076567173
694  -0.9138464629650116  0.1570923328399658  0.9168883562088013
695  -0.9121634662151337  0.1657969951629639  0.9575768038630486
696  -0.9568625390529633  0.09915709495544434  0.9239782691001892
697  -0.8947217166423798  0.2384376227855682  1.020681735128164
698  -0.771756500005722  0.3466105759143829  0.9841792061924934
699  -0.7378387153148651  0.3551489412784576  0.990988053381443
700  -0.7451808154582977  0.4196846485137939  1.018577836453915
701  -0.7629441916942596  0.3824379444122314  0.9019173979759216
702  -0.76225945353508  0.3840591907501221  0.9760751202702522
703  -0.7601397931575775  0.4212522506713867  0.987184040248394
704  -0.708139032125473  0.4221322536468506  0.9764138236641884
705  -0.7207885682582855  0.3949117660522461  0.9781972393393517
706  -0.7912218272686005  0.3616162538528442  0.8482417315244675
707  -0.7563376128673553  0.4030065536499023  0.8134068995714188
708  -0.7580332458019257  0.3863732814788818  1.016625829041004
709  -0.8093203008174896  0.3201872706413269  0.9602841958403587
710  -0.7139458358287811  0.4336599111557007  0.8956092596054077
711  -0.8886750638484955  0.1426182240247726  1.213636249303818
712  -0.8196943700313568  0.1500082015991211  1.202955275774002
713  -0.7633739411830902  0.07656464725732803  1.135055921971798
714  -0.9624573886394501  0.1983599662780762  1.176677338778973
715  -0.9730736911296844  0.1152787208557129  1.237607657909393
716  -0.9844846427440643  0.1052684187889099  1.168801583349705
717  -0.9602446258068085  0.2225086688995361  1.244559943675995
718  -0.9575222432613373  0.2500008940696716  1.26107232272625
719  -0.6809696853160858  0.4634703099727631  1.193683698773384
720  -0.7829324901103973  0.4155149757862091  1.143932037055492
721  -0.7996935546398163  0.4144901633262634  1.197249203920364
722  -0.8511967360973358  0.3526289463043213  1.092645397409797
723  -0.9389933049678802  0.1602578163146973  1.027014821767807
724  -0.9558692872524261  0.1889906972646713  1.102473206818104
725  -0.750239223241806  0.4115071296691895  1.075391415506601
726  -0.8148976266384125  0.3452635407447815  1.035576742142439
727  -0.8367695510387421  0.2740347385406494  0.9201858043670654
728  -0.8896985948085785  0.1207717880606651  0.9374775886535645
729  -0.9048040807247162  0.1419838964939117  0.8552658706903458
730  -0.9431805312633514  0.09886665642261505  0.9703879430890083
731  -0.9068849980831146  0.2135300636291504  0.9601228907704353
732  -0.8827345073223114  0.1725103855133057  0.9212789237499237
733  -0.9054747521877289  0.2537464499473572  0.9380641281604767
734  -0.8687114417552948  0.1035734191536903  1.178358107805252
735  -0.9342651069164276  0.1180295944213867  1.234350353479385
736  -0.9149533212184906  0.1001927852630615  1.200490981340408
737  -0.9109854400157928  0.1713178157806396  1.257167607545853
738  -0.8996408879756927  0.2970640957355499  1.102282918989658
739  -0.9170859754085541  0.291186660528183  1.171358235180378
740  -0.2700441181659698  0.5136069059371948  1.061650253133848
741  -0.3456792533397675  0.6054223775863647  0.9578052461147308
742  -0.4755466878414154  0.5724679231643677  0.9372736513614655
743  -0.3835603296756744  0.5677919983863831  0.9926232099533081
744  -0.331086665391922  0.573061466217041  0.9793576821684837
745  -0.3950314223766327  0.6545124650001526  0.8113183081150055
746  -0.4433135688304901  0.6160860657691956  0.8607881963253021
747  -0.3261389434337616  0.6282132863998413  0.9033994376659393
748  -0.5122686326503754  0.5936039090156555  0.8535293489694595
749  -0.5403957068920135  0.5248899459838867  1.022590152919292
750  -0.4144063889980316  0.5821388959884644  1.096361637115479
751  -0.3338316380977631  0.5131516456604004  1.135316491127014
752  -0.3307285606861115  0.5246461033821106  1.080852119252086
753  -0.4299523532390594  0.5493171215057373  1.025599852204323
754  -0.432925671339035  0.5387527942657471  1.079762227833271
755  -0.6260143220424652  0.301988959312439  1.358301043510437
756  -0.3268576562404633  0.3319673538208008  1.292936354875565
757  -0.4419818818569183  0.3581856489181519  1.377518326044083
758  -0.3806039392948151  0.3331282138824463  1.34799200296402
759  -0.4011554419994354  0.3548612594604492  1.37755486369133
760  -0.2931456863880157  0.3886336982250214  1.290289148688316
761  -0.2600654661655426  0.4476888179779053  1.296951681375504
762  -0.3935787379741669  0.4267633855342865  1.42157518863678
763  -0.3307838141918182  0.3790302872657776  1.346312403678894
764  -0.3879397213459015  0.3808836042881012  1.386556327342987
765  -0.3266122043132781  0.4269056916236877  1.400375723838806
766  -0.3012842833995819  0.4608970284461975  1.426682323217392
767  -0.2838203608989715  0.437784343957901  1.354055047035217
768  -0.6565308272838593  0.3972470760345459  1.459239333868027
769  -0.7467180192470551  0.322862833738327  1.392330795526505
770  -0.471983402967453  0.5214982628822327  1.396299302577972
771  -0.5463822782039642  0.4968224763870239  1.403581082820892
772  -0.6508530080318451  0.4399476051330566  1.466734796762466
773  -0.5949772298336029  0.3777342140674591  1.412848919630051
774  -0.5384887158870697  0.3406264781951904  1.376421064138412
775  -0.4937560260295867  0.5163607597351074  1.548689752817154
776  -0.5393354594707489  0.499609500169754  1.520232200622559
777  -0.5507707297801971  0.4598629474639893  1.510343313217163
778  -0.609736293554306  0.4578349590301514  1.541172087192535
779  -0.5717785060405731  0.4660272598266602  1.541856914758682
780  -0.6337452828884125  0.4650649428367615  1.540891110897064
781  -0.5459756553173065  0.4974877834320068  1.544743806123734
782  -0.2977484166622161  0.5188774466514587  1.48659610748291
783  -0.4127761423587799  0.4692632555961609  1.471631735563278
784  -0.5950622260570526  0.4208478629589081  1.461885362863541
785  -0.6537584960460663  0.4402105808258057  1.509176403284073
786  -0.4158652722835541  0.2465318888425827  1.319018691778183
787  -0.4113263785839081  0.1946462690830231  1.274065569043159
788  -0.5247344672679901  0.1399988532066345  1.26612201333046
789  -0.4772535264492035  0.4635682106018066  1.484347730875015
790  -0.4434482753276824  0.4853458404541016  1.504567116498947
791  -0.4897907674312592  0.2333452254533768  1.323807090520859
792  -0.8357736766338348  0.2579248547554016  1.316221207380295
793  -0.964527815580368  0.1565009504556656  1.287271067500114
794  -0.9601688086986542  0.2219772338867188  1.295113086700439
795  -0.9331270158290863  0.2306571006774902  1.334105312824249
796  -0.9596622884273529  0.1953159421682358  1.331957250833511
797  -0.7100940644741058  0.4426366090774536  1.402420908212662
798  -0.8196943700313568  0.3448777198791504  1.440119951963425
799  -0.848610132932663  0.3460390567779541  1.432475030422211
800  -0.8258619010448456  0.3098533749580383  1.391906648874283
801  -0.7957225739955902  0.4134443402290344  1.330010920763016
802  -0.8688671290874481  0.3264789581298828  1.398824244737625
803  -0.8570750653743744  0.367050439119339  1.346211910247803
804  -0.7737716138362885  0.3929083347320557  1.458035826683044
805  -0.7166188657283783  0.3710409104824066  1.449549853801727
806  -0.8473056256771088  0.36046501994133  1.433769464492798
807  -0.6944347321987152  0.4055949747562408  1.49959734082222
808  -0.7860551774501801  0.4145423769950867  1.434442669153214
809  -0.7104451358318329  0.4382359981536865  1.458160847425461
810  -0.9163901507854462  0.2697434425354004  1.352344751358032
811  -0.9073813855648041  0.3174075782299042  1.281095117330551
812  -0.9401108920574188  0.266761302947998  1.291480600833893
813  -0.9073081910610199  0.3116181790828705  1.348978966474533
814  -0.8785333335399628  0.2642444968223572  1.347325921058655
815  -0.8831463754177094  0.218712329864502  1.288168460130692
816  -0.8620880544185638  0.3673730194568634  1.214208990335464
817  -0.9079802930355072  0.2883013784885406  1.385032683610916
818  -0.4619480073451996  0.521325945854187  1.340672791004181
819  -0.3444197475910187  0.5322095155715942  1.293789759278297
820  -0.3362760245800018  0.5599848031997681  1.447829365730286
821  -0.4373221099376678  0.5401091575622559  1.5127854347229
822  -0.492804616689682  0.5249934196472168  1.519874721765518
823  -0.4700879752635956  0.5271350741386414  1.453943818807602
824  -0.3910904228687286  0.2312118113040924  1.288231894373894
825  -0.2508504688739777  0.3835169076919556  1.20561221241951
826  -0.5589599311351776  0.4903298914432526  1.242158830165863
827  -0.6728261411190033  0.2117989063262939  1.287813648581505
828  -0.7042118012905121  0.2839868068695068  1.342832893133163
829  -0.7679489552974701  0.1644662916660309  1.21886882185936
830  -0.8205460011959076  0.2047224342823029  1.253864035010338
831  -0.8791912496089935  0.1983284950256348  1.262124449014664
832  -0.9337755143642426  0.1776986122131348  1.288224220275879
833  -0.9341809451580048  0.220543384552002  1.295045793056488
834  -0.9740323722362518  0.1663341522216797  1.239662259817123
835  -0.9332873523235321  0.2221369743347168  1.250148147344589
836  -0.9389826953411102  0.266761302947998  1.244559943675995
837  -0.3243825137615204  0.5222288966178894  1.234588727355003
838  -0.4143070876598358  0.5206018090248108  1.207146763801575
839  -0.2742153704166412  0.522268533706665  1.238687872886658
840  -0.3937101662158966  0.5400328636169434  1.0845577865839
841  -0.4382104575634003  0.5179471969604492  1.087835770100355
842  -0.3792560994625092  0.5163016319274902  1.175195001065731
843  -0.3812683522701263  0.5265215635299683  1.182611152529716
844  -0.3872850239276886  0.5386691093444824  1.123817838728428
845  -0.4896902740001678  0.5300416946411133  1.019225373864174
846  -0.4787653386592865  0.5238301753997803  1.07730745896697
847  -0.5063943564891815  0.5060625076293945  1.036141291260719
848  -0.3821506202220916  0.543400764465332  1.517994165420532
849  -0.3978575766086578  0.5384976267814636  1.542401760816574
850  -0.2874709665775299  0.5565806031227112  1.48541447520256
851  -0.3875039517879486  0.5086522102355957  1.513573437929153
852  -0.4881019294261932  0.4950780868530273  1.468919545412064
853  -0.5238681733608246  0.521659255027771  1.543294668197632
854  -0.4211190044879913  0.51841801404953  1.544280916452408
855  -0.4945201575756072  0.4964089393615723  1.508155673742294
856  -0.6639827191829681  0.0873129665851593  0.9009866714477539
857  -0.7127200067043304  0.08731745183467865  0.9080416113138199
858  -0.7062196433544159  0.08624505996704102  0.8634758591651917
859  -0.7212671935558319  0.3957984447479248  1.0106086358428
860  -0.7091301381587982  0.4249007701873779  1.017625190317631
861  -0.6820920407772064  0.4071072041988373  1.000411760061979
862  -0.6601020991802216  0.4437780380249023  1.01185304671526
863  -0.633290022611618  0.4701454341411591  1.401980251073837
864  -0.6853539645671844  0.4634402394294739  1.275880813598633
865  -0.7544876039028168  0.4105461835861206  1.499082535505295
866  -0.253881961107254  0.491879940032959  1.293683350086212
867  0.2827126681804657  0.01418744865804911  0.8448503017425537
868  0.2157559096813202  0.0005751157295890152  0.8621881902217865
869  0.1676221489906311  -0.002612211741507053  0.8686825931072235
870  -0.1866908967494965  -0.03802215680480003  0.8518145978450775
871  -0.1979573667049408  0.05263343080878258  0.7588882446289062
872  -0.09852400422096252  -0.1311341673135757  0.787869393825531
873  -0.1490202248096466  -0.09283924102783203  0.8026652634143829
874  -0.01122346520423889  -0.1442936807870865  0.7449409663677216
875  -0.7101618945598602  0.08047318458557129  0.8592886328697205
876  -0.7039651572704315  0.07689404487609863  0.8026652634143829
877  -0.7565555274486542  0.07250285148620605  0.8660340905189514
878  -0.9359376132488251  0.0004811286926269531  0.8600576221942902
879  0.355460450053215  0.29027459025383  0.8325223922729492
880  0.3067574799060822  0.362130343914032  0.828529417514801
881  0.2739303112030029  0.4401188492774963  0.7667905986309052
882  0.06956103444099426  0.5264440774917603  0.8327596336603165
883  0.2433976829051971  0.4039029777050018  0.839032307267189
884  -0.1168558895587921  0.6004111766815186  0.8442204594612122
885  -0.2122589647769928  0.6799006462097168  0.7832066714763641
886  -0.1275983154773712  0.6367883682250977  0.8344904780387878
887  -0.3761112987995148  0.1411303877830505  0.8493346273899078
888  -0.6789463460445404  0.4720074832439423  0.8642084449529648
889  -0.7088788449764252  0.4709538519382477  0.7680391669273376
890  -0.273413747549057  0.6854661107063293  0.7779732942581177
891  -0.5119472444057465  0.6316432952880859  0.778267115354538
892  -0.5391957461833954  0.6091443300247192  0.7878767848014832
893  -0.6573896110057831  0.08723834156990051  0.8553274124860764
894  0.5049863159656525  0.01123379822820425  0.5311771929264069
895  0.489421658217907  0.08317463099956512  0.6440140604972839
896  -0.188071995973587  0.1513673812150955  0.6585368812084198
897  -0.1854831278324127  0.07235527038574219  0.6587657332420349
898  -0.2267951667308807  0.1063630282878876  0.7518680691719055
899  -0.195531040430069  0.05441164970397949  0.6995590329170227
900  0.161624938249588  0.05269167572259903  0.891144335269928
901  0.1168924868106842  0.1824183762073517  0.9235410541296005
902  -0.07801857590675354  0.09625200927257538  1.023467443883419
903  -0.1181419789791107  0.06701087951660156  1.07310401275754
904  -0.4285822808742524  0.1039900779724121  0.134104460477829
905  -0.2734480798244476  0.09805607795715332  0.655456155538559
906  -0.327883392572403  0.0531858503818512  0.6162804365158081
907  -0.4138816893100739  0.07756547629833221  0.7183615863323212
908  -0.3918000161647797  0.1010580062866211  0.691802591085434
909  -0.4311879575252533  0.1044774055480957  0.6960857510566711
910  -0.400493711233139  0.09165524691343307  0.6035785377025604
911  -0.6914736926555634  0.1515311747789383  0.2910914123058319
912  -0.7679201066493988  0.06306672096252441  0.3737889826297761
913  -0.739114373922348  0.06175307556986809  0.333011418581009
914  -0.7627567946910858  0.1132874488830566  0.365754395723343
915  -0.2434347569942474  0.08019372820854187  1.107084024697542
916  -0.5165067613124847  0.07926236838102341  1.04844686947763
917  -0.5478182733058929  0.09338603913784027  0.8629586696624756
918  -0.5585748851299286  0.08336785435676575  0.8820441514253616
919  -0.5990932881832123  0.1018462181091309  0.90176060795784
920  -0.54127237200737  0.0812077522277832  1.166203081607819
921  -0.2525940835475922  0.05970043689012527  1.022538598626852
922  -0.4954809844493866  0.1178436279296875  1.025877200067043
923  -0.4895695149898529  0.1071774959564209  1.065748881548643
924  -0.7100596129894257  0.08280459046363831  0.9601385891437531
925  -0.7476324737071991  0.08952617645263672  0.9492992237210274
926  -0.9232977330684662  0.107079029083252  0.9182100892066956
927  -0.9328112304210663  0.0541585348546505  0.8092741072177887
928  -0.9569689929485321  0.06039207056164742  0.9666318818926811
929  -0.9565251767635345  0.1454190611839294  1.040073765441775
930  -0.9624191224575043  0.08275281637907028  1.011135168373585
931  -0.2026654183864594  -0.5244504809379578  0.1731314361095428
932  -0.2619914114475251  -0.5194725394248962  0.1748702824115753
933  -0.2145858108997346  -0.3775267601013184  0.1333955824375153
934  -0.184001237154007  -0.5786359310150146  0.242071658372879
935  -0.3187336623668671  -0.5737914443016052  0.2318694293498993
936  -0.2461869418621064  -0.2483255118131638  0.388243705034256
937  -0.2420468032360077  -0.04570651426911354  0.6533598005771637
938  -0.2174356281757355  0.05532217025756836  0.6549109220504761
939  -0.2789106070995331  0.0522010326385498  0.6337169706821442
940  -0.2653737962245941  -0.007873687893152237  0.6511423289775848
941  -0.1970366537570954  -0.3491586148738861  0.1208591163158417
942  -0.1933840811252595  0.02966239303350449  0.09153613448143005
943  -0.3052356541156769  0.6878005266189575  0.3412733972072601
944  -0.1873532235622406  0.6448296308517456  0.2822529375553131
945  -0.214688628911972  0.1185894012451172  0.6480881869792938
946  -0.2140301167964935  0.1137800216674805  0.6904237568378448
947  -0.2816594541072845  0.754461944103241  0.5468912422657013
948  -0.2664558589458466  0.7203093767166138  0.393218070268631
949  -0.2526247203350067  0.108870156109333  0.9722398519515991
950  -0.2143339216709137  0.003611087799072266  0.9709135666489601
951  -0.1913104355335236  0.02479239739477634  1.045434663072228
952  -0.2473441064357758  0.02545067854225636  0.9964976906776428
953  -0.2588240802288055  0.2243330478668213  1.207621619105339
954  -0.1893707811832428  0.1339616626501083  1.157295666635036
955  -0.2877977788448334  0.1329609453678131  1.193321317434311
956  -0.2671969830989838  0.1053500175476074  1.124624788761139
957  -0.2212042510509491  0.4757001399993896  1.126475594937801
958  -0.2511309683322906  0.3310685157775879  1.208544760942459
959  -0.2249089777469635  0.3278249204158783  1.198992624878883
960  -0.2677912414073944  0.4924921989440918  1.189731672406197
961  -0.2274685800075531  0.4394717216491699  1.226198375225067
962  -0.266422301530838  0.4995427131652832  1.231302410364151
963  -0.2307082116603851  0.4872477054595947  1.228398337960243
964  -0.2513586580753326  0.4426748752593994  1.153934814035892
965  -0.2210850417613983  0.4072356224060059  1.154682271182537
966  -0.2215073406696319  0.4828243255615234  1.19326214492321
967  -0.3072730600833893  0.6364313364028931  0.8684121817350388
968  -0.241037517786026  0.6341218948364258  0.8871562480926514
969  -0.2434211671352386  0.4683880507946014  1.299136251211166
970  -0.2384763062000274  0.5132879614830017  1.406171590089798
971  -0.2797574698925018  0.5008916854858398  1.451541662216187
972  -0.2741125524044037  0.3291366100311279  1.268322885036469
973  -0.2741217911243438  0.5523948073387146  1.398583441972733
974  -0.2429096400737762  0.4882924556732178  1.297671258449554
975  -0.2755990922451019  0.5265707969665527  1.29582741856575
976  -0.2519706189632416  0.2425842583179474  1.272645577788353
977  -0.2406398355960846  0.3037669658660889  1.267473876476288
978  -0.2152388393878937  0.06038685142993927  0.9034616053104401
979  -0.4529550969600677  0.07711778581142426  0.8199717253446579
980  -0.4380790889263153  0.1057710647583008  0.802336722612381
981  -0.4830534160137177  0.09893631935119629  0.8113313615322113
982  -0.684668630361557  0.08490053564310074  0.7804437279701233
983  -0.9007119834423065  0.1407595425844193  0.7315937876701355
984  -0.7059212773939376  0.08500751646704968  0.85542798877143
985  -0.731387585401535  0.07937395572662354  0.8647549748420715
986  -0.7188036143779755  0.08280950784683228  0.8641154170036316
987  -0.7176201262170172  0.0851175722150511  0.8697469149925476
988  -0.7290206090796185  0.08399008446306121  0.8760179708199035
989  -0.840795487165451  0.2325571104884148  0.9318248480558395
990  -0.8733693063259125  0.2134927958250046  0.9203176274895668
991  -0.8716063786517836  0.203619769319362  0.8952681562360799
992  -0.8810156334034833  0.1934365608899491  0.8564408408287384
993  -0.8928973307778387  0.158453234839637  0.890880556197801
994  -0.767256401973939  0.07059231832394351  0.892281156275366
995  -0.8116143643856049  0.04571636766195297  0.8613093122839928
996  -0.8298473295610094  0.0299992437059889  0.8087030218444817
997  -0.8825418506085596  -0.009233881399172209  0.7627650925998553
998  -0.9180941879749298  0.03248073719441891  0.7327533662319183
999  -0.9227498499301985  -0.02621436445861501  0.7649443263233527
1000  -0.9155568196250954  -0.02683399222269377  0.7118380871624165
1001  -0.9235004186630249  0.01238272804766893  0.7663586884737015
1002  -0.9234853240219949  -0.005304204644390405  0.7608836969130693
1003  -0.9168658549115074  -0.002360266558050818  0.7131664111317707
1004  -0.9116385331305699  -3.547110639241427e-05  0.6754845966042858
1005  -0.8914587795734406  -0.021033332683146  0.7355495095252991
1006  -0.8965394496917725  -0.02336951857432723  0.7564428597688675
1007  -0.8987603233822861  -0.02648065008487021  0.7341802920548949
1008  -0.8973597206098742  -0.02686018443647247  0.7130444175746888
1009  -0.895900526954468  -0.02725559570423196  0.6910243740973538
1010  -0.9124341239506142  -0.02710298996865133  0.6887831831398153
1011  -0.9182260666713324  -0.02660405581079511  0.7315451738844789
1012  -0.9201755894667512  -0.003832235601220611  0.73702505402242
1013  -0.8820733072670857  -0.01191735568163522  0.7367844853501171
1014  -0.9209973624145542  0.06272790681735878  0.7427619012561503
1015  -0.9146994011083438  0.1030226926758358  0.7654434002377838
1016  -0.9024509984636588  0.1412798551999603  0.7841506051775211
1017  -0.7398979952904787  0.07389372294911872  0.8459625779636487
1018  -0.7590976749746088  0.06786418365263669  0.8404549239185565
1019  -0.8678429579668565  0.2163688103365979  0.8076856150538373
1020  -0.8124597679999592  0.3248685646621874  0.7703662718637457
1021  -0.8471754166856853  0.2636616501471579  0.7994708635568135
1022  -0.7935429513454437  0.3607660531997681  0.7866564467549324
1023  -0.6051332699180796  0.1035664950689074  0.7589771766018553
1024  -0.7176419794559479  0.4375070184469223  0.8388076722621918
1025  -0.645254440421849  0.09178122035496569  0.7571865117059289
1026  -0.6261012256145477  0.1018636040389538  0.618402287364006
1027  -0.6683441173765465  0.08817627212641699  0.6565891485582719
1028  -0.6831722165915932  0.08561423980001592  0.6582143526975593
1029  -0.6839204234765752  0.08525738772155833  0.7193290403338413
1030  -0.6546793117382383  0.09030973276235107  0.7161241268014117
1031  -0.7185021083482159  0.06749385521285915  0.7326107326054729
1032  -0.7429863943436128  0.05489715610753622  0.6979954104979915
1033  -0.7800776660442352  0.03930783458054066  0.6810829490423203
1034  -0.7616371781941818  0.04530168281955852  0.6716273599587255
1035  -0.8375150131305875  0.006212171779246871  0.6637497281293974
1036  -0.849041220391126  0.01044659980192558  0.63552833011893
1037  -0.8553367134196797  0.008936722991049025  0.616953729751417
1038  -0.8799085319042206  0.007697939872741699  0.6144232749938965
1039  -0.9050308544700598  0.02393541369676547  0.6225928784405079
1040  -0.6213697988247018  0.09949934623375728  0.5885395486140138
1041  -0.6291217949972914  0.08780291803923332  0.5619957091299894
1042  -0.5622061135022107  0.104546048254485  0.7912749319992344
1043  -0.5650280282643518  0.1474517060790728  0.9648585778795998
1044  -0.5294168043330303  0.1016673327722893  0.8178335996408321
1045  -0.509251635322975  0.09669115948615788  0.8322152729201652
1046  -0.5063695502855832  0.1003309877682225  0.8845095738710329
1047  -0.5164593917503468  0.09186765427108058  0.8606864463879154
1048  -0.528534954314434  0.09503859931199907  0.8475869712913204
1049  -0.5386175388194616  0.09752668595506479  0.8403961346516539
1050  -0.7310726026195191  0.07688076687216305  0.8623289702360561
1051  -0.7183311402049515  0.07906972456514155  0.8604764100946085
1052  -0.85719032665782  0.006435820523791984  0.7801774418641201
1053  -0.7527849757794907  0.07428565522535073  0.908006337788843
1054  -0.7607394945683266  0.0631964071368348  0.9388819920555467
1055  -0.7473055255422132  0.08496975352345089  0.9099029014089042
1056  -0.7606251233733259  0.07098761932770799  0.9024637918206043
1057  -0.7795630075738151  0.05527810957051579  0.925574820874395
1058  -0.8964915576584076  0.1503192888386871  0.9202381260690751
1059  -0.8860636460390341  0.1477770707368643  0.9290225947759227
1060  -0.8565967279467592  0.2299949979474533  0.9286654465118099
1061  -0.8802179992198944  0.1973627805709839  0.9410525001585484
1062  -0.8791110435350498  0.1920216517708576  0.9507596493881556
1063  -0.8938517637716097  0.2122250924828205  0.929484878571008
1064  -0.9091811232454252  0.2109551935620879  0.9286890708545025
1065  -0.9088726036105739  0.2090683281360185  0.9479765227744267
1066  -0.7081041218606383  0.08655595019209857  0.8763956295713838
1067  -0.8395911124536155  0.2326105705708396  0.9544129417220505
1068  -0.8230449259281158  0.2971110045909882  0.9402350001037121
1069  -0.8242748017631965  0.2980602876662369  0.9004499519989801
1070  -0.8233776390552521  0.3050844520330429  0.8529706001281738
1071  -0.8562019578694986  0.2316712208493912  0.9532036727407398
1072  -0.7041729222302811  0.08611736915563305  0.8555902151374517
1073  -0.698631823511473  0.08704513717329472  0.8606169047180894
1074  -0.6981844624151212  0.08640850850513875  0.8621349990368711
1075  -0.2223291427588386  0.08859521141178917  0.8104524573003856
1076  -0.2334239126693206  0.1142547501454966  0.8123788258392582
1077  -0.09885828102102545  0.2442398050591544  0.9182143009983152
1078  -0.07040643692016602  0.2207426652312279  0.9031735509634018
1079  -0.05816718708182034  0.2132227830856087  0.8894004113840132
1080  -0.04675563336809663  0.208851912994441  0.8870470139522506
1081  -0.03306143314593002  0.2041203378209348  0.8821445107018921
1082  -0.0411802233037184  0.1566769431245554  0.880416268587716
1083  -0.05337078265710038  0.08543954103240657  0.8778212713454646
1084  -0.1879196465015411  0.1049427762627602  0.6772838979959488
1085  -0.1864324100913373  0.1013273118186695  0.6586818181240826
1086  0.230036010035776  0.2492232494024995  0.1957080829592933
1087  -0.2027005254337786  0.1035190704771719  0.6567304817140293
1088  -0.2059937417507172  0.08320672623813152  0.7246560007333755
1089  -0.1983168962611608  0.06335218932557532  0.6981833122253669
1090  -0.1912104756172067  0.06576325853086981  0.6952957901339694
1091  -0.07424893975257874  0.1204187572002411  0.8883395493030548
1092  -0.04809234312260924  0.1162849115061843  0.878944889683092
1093  -0.09442048908076461  0.1190025207613968  0.913405004758239
1094  -0.07988884758227865  0.1220009398452195  0.8980105997575573
1095  -0.08770862078305974  0.08977774701971571  0.9035260543949033
1096  -0.07680827379226685  0.09746105968952179  0.8872981518507004
1097  -0.09492395406508392  0.09107873466901877  0.9114221023438147
1098  -0.09534020693981216  0.08998968511988693  0.9178636468745559
1099  -0.09518345755210478  0.1170063532388126  0.9252119992129872
1100  -0.09486657391872422  0.1716230894224673  0.9400673847581611
1101  -0.09402278718549506  0.1703721698039922  0.9668078099046333
1102  -0.09487527181649313  0.08212518892174293  0.9319709789161923
1103  -0.09433125721464719  0.1025911671669422  0.9510699577184335
1104  -0.03530797727061374  0.07462307332415997  0.8781377015150826
1105  -0.05776706337928772  0.02416143193840981  0.873710110783577
1106  -0.07085910439491272  0.01093857642263174  0.8749075084924698
1107  -0.07030176529937349  -0.03201785516765578  0.874455833759641
1108  -0.08437256461778952  -0.0281168528957817  0.8787550864095073
1109  -0.1635201629176531  -0.06535674669185795  0.837680028137723
1110  -0.09471349814191243  -0.02387506722232858  0.8984701255631248
1111  -0.0562565794034644  -0.03552444487472642  0.8730793861581765
1112  -0.05575896227957067  -0.03350017727553333  0.8811573169656364
1113  -0.05586409252383961  -0.03161401169434196  0.8892364085695401
1114  -0.03574203294267775  -0.03986555728596366  0.8895248138258307
1115  -0.02070093465405787  -0.02634430339263356  0.8884677768568104
1116  -0.02982550229851499  -0.0517200213679174  0.8891114316021616
1117  -0.01566079087453698  0.05691613548367967  0.8762003094448851
1118  -0.03973091173070409  0.01912199664648602  0.8729852416637405
1119  0.01262815918614113  0.04577457696737637  0.8847854585133292
1120  0.08686497807502747  -0.06726385094225407  0.816412515938282
1121  0.05350196361541748  0.02775073423981667  0.8894481435418129
1122  0.1428680006073933  0.04508089913508968  0.8971457650671285
1123  0.1190262767216486  0.0532883689501424  0.8988459176945698
1124  0.08825661508137506  0.01677051993193532  0.8930738710692238
1125  0.1037410113789619  -0.007558000561558507  0.8887571552240071
1126  0.110262966171367  -0.01729653443795669  0.8760105563157794
1127  0.1174721289929894  -0.02376715664761684  0.8614078447790664
1128  0.1894996483968062  -0.02857433679106878  0.8338036836328917
1129  0.10143645706809  -0.05321668834414855  0.8345518326111294
1130  0.162478075541938  -0.05573544770581675  0.8128396392313172
1131  0.1617364399319548  -0.07224401840721453  0.7867707862470217
1132  0.1063441299144465  0.07828730271866244  0.8986860222911162
1133  0.1772751549981567  0.08719948840997706  0.8968361888175119
1134  0.1522236670954134  0.1153544580982355  0.9072662728045586
1135  0.1336062510605917  0.11529082063344  0.910100727415018
1136  0.07670335407395656  0.1186892625957436  0.904624860088777
1137  0.05102407465984926  0.1279494341220223  0.8981268619032331
1138  -0.007927645777421111  0.206803691931207  0.8831225524011628
1139  -0.2598361472114312  0.1262386365782953  0.7996281468835255
1140  -0.203688815374194  0.05520487440717016  0.8068364033818938
1141  -0.2459582388401031  0.660432755947113  0.8188191577792168
1142  -0.1535057712558547  0.6130265642501682  0.8497891653951972
1143  -0.2146153265294316  0.6631061278770382  0.8120616205272299
1144  -0.1730505228042603  0.6360938847064972  0.8470777496695518
1145  -0.1743561889723532  0.6202035615086054  0.8529572477869403
1146  -0.1381883441131795  0.5796945817344659  0.8696983203247123
1147  -0.116714348537801  0.5666658129906121  0.8640850690270444
1148  -0.08815240859985352  0.6145108938217163  0.8167622238397598
1149  -0.07738054862161658  0.586234588889235  0.8400529227189192
1150  -0.1513797982193141  0.6003031966574908  0.8626991062950436
1151  -0.1710207324719289  0.6002417659378877  0.8732117597465805
1152  -0.2538988035687265  0.6358108726184128  0.8631528435635011
1153  -0.2438450250057559  0.08844947678716721  0.6415637402628535
1154  -0.3091633269860369  -0.07682525708488262  0.5368655027719773
1155  -0.2768391072750092  -0.05872185342013836  0.6053574681282043
1156  -0.3252519405883634  -0.04592940479305865  0.5654298989162436
1157  -0.3092943732430092  -0.05304044371580558  0.5810560294248643
1158  -0.2942756248897248  -0.06524462322905775  0.5813006101990639
1159  -0.2868951745900838  -0.08510535211674974  0.5685878304649303
1160  -0.2437670230865478  0.4435802698135376  1.261575028300285
1161  -0.2352722555776  0.453616991599523  1.26187807510121
1162  -0.2368089258670807  0.4877700805664062  1.263034798204899
1163  -0.2589693786815233  0.4949886057776073  1.268376390440635
1164  -0.2554735902879605  0.4428742093028185  1.258354256372621
1165  -0.2568431979445891  0.4252494074550637  1.265012413373213
1166  -0.2544863950014952  0.4088369721346189  1.241651676256864
1167  -0.2705699749232692  0.3859025339589504  1.245091554414476
1168  -0.2581349611282349  0.3553906083106995  1.224215634167194
1169  -0.2863608819947793  0.6309750848964051  0.8958070549544462
1170  -0.2872111702807248  0.6167369918677451  0.9040988082223277
1171  -0.3002422353230663  0.6040090415604805  0.9231752061415909
1172  -0.3473553136936479  0.6304369138237685  0.8661658911299216
1173  -0.3408003299333349  0.64333906418895  0.8465999958918109
1174  -0.3249212544218377  0.6530932496033478  0.8358777712884099
1175  -0.2945834134448363  0.6548083769373363  0.8345178868257043
1176  -0.2305895210358998  0.4432141420966846  1.160439711694821
1177  -0.2469454407691955  0.4695072174072266  1.228750392794609
1178  -0.2290883958339691  0.4633597135543823  1.227298356592655
1179  -0.2581242719477743  0.4646332986042617  1.23061875527477
1180  -0.2588884356716709  0.4710518609163631  1.210820610941684
1181  -0.2362569868564605  0.3611682653427124  1.199270442128181
1182  -0.2232967712502746  0.356833477058753  1.194879087742568
1183  -0.2102563954412035  0.352092890239882  1.19141738703068
1184  -0.198968907452526  0.3219501029355225  1.186598431530592
1185  -0.2536101639270782  0.1202287226915359  1.163731426000595
1186  -0.2576335370540619  0.1806417256593704  1.195066548883915
1187  -0.2425514161586761  0.2044821158051491  1.195939164608717
1188  -0.3140112161636353  0.1492908746004105  1.067178227007389
1189  -0.3049133268031211  0.1169138308992767  1.107788696483895
1190  -0.2967497003019283  0.1151896696715651  1.127874471263181
1191  -0.3306565233361883  0.1413022113949198  1.15237460477487
1192  -0.334365271445731  0.152693293817765  1.15532185618952
1193  -0.3555592590796461  0.1501594252793779  1.147131126312427
1194  -0.3615800500002793  0.1493824430983041  1.130890983068944
1195  -0.4007100923476529  0.121646242105223  1.131414917774191
1196  -0.3595716287268139  0.1250507214647574  1.131684086452553
1197  -0.3590258897407586  0.1330360514023809  1.131478423194504
1198  -0.3930827901130395  0.129886406024203  1.08496334087891
1199  -0.4030448732689007  0.1224044042771603  1.119161799450612
1200  -0.3647998652267912  0.1267484615414178  1.104245880205932
1201  -0.4247925579547882  0.1605932116508484  1.065971837146208
1202  -0.3758412542456556  0.1643894259442097  1.072224778999862
1203  -0.2813397645950317  0.1307600513100624  1.04074389860034
1204  -0.1419401168823242  0.1791909411549568  1.139219041913748
1205  -0.1320453190202979  0.1532978984383141  1.126279198674329
1206  -0.1580555991464506  0.1943057469802571  1.157561696273128
1207  -0.1790026656815168  0.08594905793662566  1.108295566555292
1208  -0.1764892140564206  0.09758757935824426  1.120413829978916
1209  -0.1816664200486343  0.06788535379035555  1.092276509205771
1210  -0.2173725962638855  0.05249306280165911  1.076259343884885
1211  -0.2480144202709198  0.06994708254933357  1.064811311662197
1212  -0.270922356240325  0.1861796546657774  1.20165037604946
1213  -0.2909192771000382  0.1724820213721487  1.230530235683857
1214  -0.2788819655407193  0.1835603726099607  1.21670058946595
1215  -0.2970856428146362  0.2016523033380508  1.230638489127159
1216  -0.329234284097028  0.2090353382731076  1.238148057253445
1217  -0.283722035631491  0.1933020856679933  1.233520351739835
1218  -0.2084200382232666  0.181142084300518  1.177053723484278
1219  -0.2436886383773973  0.1334094074790391  1.177176758225064
1220  -0.2488999030949246  0.744462734216513  0.6244226431349837
1221  -0.248880484386953  0.7024615078512632  0.7390689108680348
1222  -0.2207832098413285  0.7077784031097551  0.7289071502595486
1223  -0.2501877844333649  0.1385349668562412  0.106113076210022
1224  -0.1366237103939057  0.1742309965193272  0.1091957986354828
1225  -0.1962049960715855  0.1525440972435037  0.1051197451859949
1226  -0.06444560062650223  0.2244851193675021  0.1184037609039845
1227  -0.1831051243729917  0.29783587702428  0.1245501160112739
1228  -0.2838046848773957  0.3393501341342926  0.1471410393714905
1229  -0.2414297163486481  0.3080160468816757  0.1329916268587112
1230  -0.2027983099004061  0.3419482763588273  0.1345056872906167
1231  -0.2764842494226574  0.3504235545994466  0.1476603164184145
1232  -0.2304490631665408  0.3246261775794068  0.1337705424290973
1233  -0.1737871247071623  0.2668840364202452  0.1187599117940282
1234  -0.1984365376989417  0.2497521461930928  0.1158653342284852
1235  -0.1849976152489898  0.2536138379090225  0.1166702026340228
1236  -0.1720535076634098  0.274488733882119  0.1196048686042402
1237  -0.09913156514247307  0.2685655140252957  0.1216645602948951
1238  -0.08903891321492322  0.4127548075768988  0.1598070267237137
1239  -0.0537981716739539  0.3285571946939602  0.139568317570399
1240  0.01278850012767224  0.3206796135094589  0.1453518396945298
1241  -0.02707440895754301  0.3335371347838524  0.1418931892982418
1242  -0.02788104734280808  0.399665029474789  0.1588404532011
1243  0.05001047726758062  0.3048393527132194  0.1485155648566929
1244  0.08850789845414986  0.2846358771271315  0.1532360608014744
1245  0.1136365794848478  0.2401755134400905  0.1509680853501345
1246  0.1500955661769584  0.1862609191057925  0.1540498015251704
1247  -0.09136614401279747  0.2956563192137816  0.1283759650955166
1248  -0.1326453267624939  0.4116162815007552  0.1567135516179941
1249  -0.105547142040112  0.2404228965275313  0.1185376382271671
1250  -0.2861075762782601  0.1261889137274514  0.1079506304947556
1251  -0.2459240645624888  -0.02258148819651464  0.6666594899727276
1252  -0.2192884696343303  -0.5531601622749747  0.199139187785756
1253  -0.2513674497604371  -0.5762136876583099  0.2369705438613892
1254  -0.3034682665174839  -0.5525787082907168  0.2425658786582267
1255  -0.2945875973087884  -0.5629908993631351  0.2417558988185592
1256  -0.2609288950277565  -0.5479353478402488  0.2555372636767972
1257  -0.282188881538581  -0.5230089558594514  0.2574763248061667
1258  -0.2923669140270936  -0.5153905048791958  0.2605340909631938
1259  -0.3124778380360001  -0.5333192892285383  0.2511327630118474
1260  -0.3296352415766016  -0.5243452042149557  0.2507751000736855
1261  -0.3545959511184405  -0.5406144739704567  0.218178297557061
1262  -0.3499441688853477  -0.5297440019059799  0.2488476345320261
1263  -0.3600713858519164  -0.5439594601477584  0.2393113022264126
1264  -0.3907932151746606  -0.5334132254877308  0.2257983364053692
1265  -0.3906958900183781  -0.5358375947128583  0.2366144939237778
1266  -0.4030597893697742  -0.5056187494708813  0.212841544608149
1267  -0.2905936139385318  -0.5748032578313506  0.2340002543412112
1268  -0.2906763301364665  -0.5748916814751952  0.2288690804391218
1269  -0.2515654692126869  -0.5764253705204005  0.2246867074320015
1270  -0.3022236835341197  -0.5579865730601158  0.215284702903744
1271  -0.1967343670855112  -0.5445373028856789  0.1895639446878163
1272  -0.1534176918551433  -0.5539492647729582  0.1988180350401508
1273  -0.1315563917160035  -0.5760456621646881  0.2365433275699615
1274  -0.1314439960475738  -0.5761431808794147  0.2245478299747216
1275  -0.1320487420034571  -0.5701457727925718  0.2461446435422009
1276  -0.0800962468529072  -0.5616556145701289  0.2502176287115229
1277  -0.1420247455218213  -0.555339663618541  0.2640487333112004
1278  -0.256041169166565  -0.4708923697471619  0.1652797758579254
1279  -0.2086011110156397  -0.4512906377658001  0.1533451905230345
1280  -0.1699143264024095  -0.4375180594784116  0.1501411972492307
1281  -0.107238918542862  -0.4389582872390747  0.1465611755847931
1282  -0.9329293526228251  0.08576747994187409  1.206155927803071
1283  -0.9728969633579254  0.1012519299983978  1.085243421606719
1284  -0.9697751103124235  0.1263917541513247  1.101077614169118
1285  -0.9736639049262319  0.08703926879523895  1.063677420860589
1286  -0.9279079552087626  0.08513510620882833  0.897179658607322
1287  -0.9349775734419454  0.0182036933459202  0.8738694625092883
1288  -0.5902276629290719  0.09415978929416589  1.019770031876007
1289  -0.5881153064149738  0.07514307189713955  1.033177177462385
1290  -0.567913681268692  0.06904048286378384  1.062791385222226
1291  -0.5554492653184189  0.07528279503549973  1.086137290974262
1292  -0.5343055550098064  0.08532805324760258  1.164071893326832
1293  -0.5723153650760651  0.08132164180278778  1.157050523906946
1294  -0.5515499114990234  0.07966027036309242  1.150457536801696
1295  -0.5734822556793675  0.0735169662406505  1.135707520135365
1296  -0.570261873903837  0.08258050831155894  1.167814221910271
1297  -0.5709494871108494  0.08889129441434644  1.177416774527108
1298  -0.5588399796280548  0.1072527126603753  1.20482075953886
1299  -0.5330849258391153  0.1089782838418938  1.212184621494716
1300  -0.5240248183627598  0.08989535646086697  1.167946680259889
1301  -0.5174298240189934  0.09502702090085266  1.181902095199342
1302  -0.5068209287497851  0.08200272082997227  1.089713130814529
1303  -0.4917603996745357  0.09942311647617257  1.090678879198784
1304  -0.4686230645109726  0.1090175007076501  1.104637065515435
1305  -0.464853435754776  0.102009754627943  1.13392960652709
1306  -0.4602549763369783  0.1098480434101119  1.152975506055736
1307  -0.5227921127767827  0.07870616174470189  1.090451800138807
1308  -0.5909606239080825  0.05829564325741177  0.2074742405307691
1309  -0.5780965031994969  0.1152616203974714  0.2048974310347674
1310  -0.09353964478888743  0.06491365979228253  0.9973928026787446
1311  -0.5718124264816637  0.09203980388855018  0.8612875615291082
1312  -0.632455899280955  0.0886372924465456  0.8570639575582514
1313  -0.606476991179594  0.08516069248915017  0.8906524926469824
1314  -0.5704507978986788  0.09371015190105833  0.854713178783465
1315  -0.6079822480678558  0.08530309796333313  0.868685781955719
1316  -0.5832785665988922  0.08433547616004944  0.8753649666905403
1317  -0.5798804791644037  0.09308424214262008  0.8924115594924303
1318  -0.583763015657887  0.08431057367785738  0.8865706334571659
1319  -0.6063752733596743  0.09010059301321163  0.8588803811586631
1320  -0.03220313787460327  -0.1181129887700081  0.8067620098590851
1321  -0.05370982143241765  -0.1236865632931666  0.8058231494768295
1322  -0.07455399323446266  -0.1252364330957014  0.8025473818016426
1323  -0.09964093565940857  -0.1120080426335335  0.8270449936389923
1324  -0.08573711311712595  -0.1114283822911879  0.8297214234306551
1325  -0.0534665550142186  -0.1090289027633069  0.8347929058621795
1326  -0.04188728282690801  -0.1060280711247877  0.8352983915119215
1327  -0.1247194476954655  -0.1053347370886092  0.8319984118325541
1328  -0.1923241317272186  0.007305637001991272  0.8053514212369919
1329  -0.7055730828547926  0.4249513522015427  1.503984164422957
1330  -0.6804735362529755  0.4412921071052551  1.434577852487564
1331  -0.6724167764186859  0.4437584280967712  1.057439081370831
1332  -0.6382550487624632  0.4519353944060443  1.03687101980382
1333  -0.6509111744160367  0.4508742846150901  1.044022989812121
1334  -0.6291634710635483  0.4560961508841205  1.019650510302268
1335  -0.6872948006633006  0.4395946228783102  1.087405676322467
1336  -0.7171797206861514  0.4363070192525163  1.131847458928834
1337  -0.687044233083725  0.4386051297187805  0.937756385654211
1338  -0.7413392648257033  0.3888308282634984  0.9410111240289828
1339  -0.7185394530319229  0.4076477664794617  0.9510516677935126
1340  -0.6973372564485028  0.4137199269444777  0.9788570415718723
1341  -0.7095877838485449  0.4250083132714276  0.9562537222738939
1342  -0.7459862794633532  0.3710324482493189  0.981154625837801
1343  -0.6679755098119751  0.455404457958917  0.9317095521854137
1344  -0.6237000028966992  0.4996013553718457  0.8979551331407474
1345  -0.6464336490384543  0.4775648956129894  0.9263732169304628
1346  -0.6013533917764016  0.5289677726107281  0.8663807237395201
1347  -0.484581108409714  0.5089083780251834  1.486102208166062
1348  -0.4830158494309469  0.5259162742616804  1.491464612537304
1349  -0.4229659433269576  0.5327016980761465  1.544048098270679
1350  -0.3374874591827392  0.5326164066791534  1.499493956565857
1351  -0.3570302128791809  0.4650801420211792  1.449157029390335
1352  -0.420068309699916  0.5342088591441764  1.376382301202792
1353  -0.3092707693576813  0.5423021614551544  1.346186600625515
1354  -0.3410997955764454  0.5435326686296933  1.356587094240761
1355  -0.2750126243613144  0.5368225679163348  1.336620122739011
1356  -0.4096394945444694  0.5261699156966009  1.319806476210618
1357  -0.4073393013965644  0.3440428775393913  1.360853250932376
1358  -0.3855944517037485  0.3656160749929855  1.374227207065656
1359  -0.4336714966470396  0.3226570802594666  1.358903563127748
1360  -0.4825001657009125  0.5035586059093475  1.169766306877136
1361  -0.4081608355045319  0.5154896080493927  1.148254195228219
1362  -0.4269590200114424  0.5173084045759263  1.159430138565825
1363  -0.4484036266803741  0.5120802074670792  1.188456535339355
1364  -0.4522196202288575  0.5126677440340095  1.216323189749752
1365  -0.4276834229423256  0.5208051278751626  1.244637410930069
1366  -0.3745470559902562  0.5213212236567126  1.219280191769702
1367  -0.3630477350200869  0.5251466160414986  1.199259645745362
1368  -0.3500722716378846  0.5289431769107806  1.189349240074622
1369  -0.3754858745811002  0.5355852812947223  1.14459605973593
1370  -0.3621783253542514  0.5321072175484416  1.168030562578596
1371  -0.3799059092998505  0.5163322687149048  1.152572937309742
1372  -0.3848824954828413  0.5338184500405507  1.147294707139037
1373  -0.3825434210264211  0.5290959031342043  1.170151520066171
1374  -0.3937084674835205  0.5158956199884415  1.161724598146975
1375  -0.329332574612054  0.5174736470311322  1.182583526384974
1376  -0.2980639324030461  0.5019624183541329  1.16478794022269
1377  -0.3883450072544585  0.5249138948817467  1.239333314511824
1378  -0.4555749173313881  0.3226909854383721  1.362247132811404
1379  -0.4822793103678165  0.3508536352423315  1.377060152966022
1380  -0.4041297137737274  0.5407415330410004  1.422064334154129
1381  -0.4380565583705902  0.5311198979616165  1.409181818366051
1382  -0.479994846421089  0.5083665571500183  1.432393977270718
1383  -0.4452022834243627  0.4494702915723756  1.460302997171685
1384  -0.549491810486046  0.4373728225069299  1.470574190160668
1385  -0.4606352641092675  0.4247946167882568  1.434990979068377
1386  -0.4599922477153147  0.4105954424342698  1.418697599304647
1387  -0.5274847387744588  0.3941648282508644  1.415773259467349
1388  -0.4265306020669657  0.5351918407257884  1.48566941311819
1389  -0.4091274440058892  0.5421003812357116  1.451158265603727
1390  -0.3919096740329765  0.5428709384345802  1.40039229038763
1391  -0.3330286107436486  0.5148582145809816  1.497200082520318
1392  -0.3408206142279781  0.4827953342653672  1.466526548108378
1393  -0.3693563592076125  0.4479184066464151  1.43572436355273
1394  -0.341114819890981  0.5491131346179612  1.503873563885031
1395  -0.4921543300151825  0.518562912940979  1.050415894016623
1396  -0.4717188923863782  0.5114941266290799  1.084135297970176
1397  -0.5005063712596893  0.5065733194351196  1.058873852714896
1398  -0.5111839931549762  0.504013086245453  1.065240351959266
1399  -0.5163639096780599  0.5006486869970176  1.075489559773524
1400  -0.4754235681443282  0.5096166736965458  1.094849348767773
1401  -0.4823621006102345  0.5034510137187697  1.125727314466898
1402  -0.4547053306205358  0.5316626565424991  1.078595901098189
1403  -0.4835634367036115  0.5265581987147194  1.051798517243608
1404  -0.4670187780461481  0.5335208638880808  1.043403487961486
1405  -0.4485273540333963  0.5363585590224594  1.063123746408871
1406  -0.4316917357595951  0.5431370205126385  1.057284685872289
1407  -0.9066860973834991  0.2094359397888184  1.278585121035576
1408  -0.9005899860078999  0.2193381841648445  1.29051913180417
1409  -0.9096154483694894  0.211718626113396  1.255388855059795
1410  -0.8544817810812653  0.2123063828289124  1.272460527993803
1411  -0.9430166534161295  0.214206450424538  1.225642877268481
1412  -0.9227667209281425  0.1981637101771956  1.253459484612581
1413  -0.9290795466587993  0.240070490864678  1.229684908913177
1414  -0.8839331567287445  0.1704733595252037  1.237880349159241
1415  -0.9624953613385008  0.187822856427562  1.267003834577791
1416  -0.9620634819578087  0.1935175028764166  1.291704497432329
1417  -0.9467189013957977  0.1865072771906853  1.310090735554695
1418  -0.9671384990215302  0.1944214105606079  1.242111101746559
1419  -0.9340133062423095  0.1487177632607004  1.262058037994114
1420  -0.7375487367683817  0.2214730695415889  1.277995008385789
1421  -0.7203875482082367  0.1881325989961624  1.253341235220432
1422  -0.7713020968350273  0.2382747962367725  1.291524275456054
1423  -0.8076284833394372  0.4004950155606259  1.165857964531708
1424  -0.256207290081381  0.2692602893794038  1.263249584066025
1425  -0.2608133717319365  0.2982622991544236  1.253034319990452
1426  -0.2406263806733761  0.294883892334635  1.239104025431317
1427  -0.2261891365051269  0.278073713183403  1.197902202606201
1428  -0.1922370360450845  0.2598946111829506  1.181323057666146
1429  -0.2343887502516997  0.2881186367790984  1.221982468459545
1430  -0.2670246857145391  0.2962381601714321  1.241600244320934
1431  -0.2686299180465861  0.2652120114134209  1.24038143272699
1432  -0.2848275167296829  0.3031160551697561  1.245440715077471
1433  -0.2467808383906996  0.2706074599554638  1.270276809970045
1434  -0.2590500589200097  0.270257640080149  1.271263483317252
1435  -0.2667467806082864  0.3003439631364622  1.269760879077943
1436  -0.4275298494444554  0.534277373910215  1.535361747264438
1437  -0.4454384017401273  0.5317302613359961  1.531112782193297
1438  -0.4458624786189087  0.5274163409025873  1.54554940753716
1439  -0.4686021506786346  0.5008533000946045  1.526628434658051
1440  -0.4446129186597793  0.5177526101650259  1.545706922378208
1441  -0.4224683814242582  0.5395026068522973  1.523932478162957
1442  -0.4930953644933797  0.5257713218615983  1.543076612979406
1443  -0.8708106607560953  0.2980565595659966  1.388144078694856
1444  -0.888087660074234  0.3190485686063766  1.373901605606079
1445  -0.8555503930761825  0.2841457237523319  1.366778519263831
1446  -0.8308674732973063  0.2836288143327534  1.353684542001887
1447  -0.7681566178798676  0.3579593151807785  1.444834902882576
1448  -0.7967329919338226  0.368893027305603  1.449077889323235
1449  -0.8215651214122772  0.3907964080572128  1.390327289700508
1450  -0.7832061946392059  0.3338702768087387  1.416225373744965
1451  -0.8531883002885206  0.3511925244592108  1.424235279740849
1452  -0.8489137512661895  0.3615490310436191  1.419356811581074
1453  -0.7917153306666549  0.413899488674122  1.373299041313358
1454  -0.8146120850093681  0.3893297927425131  1.43412879972348
1455  -0.8039119329456639  0.37961038135947  1.448089464697233
1456  -0.8256087793113864  0.3700377006504  1.440929464595015
1457  -0.8287361685333194  0.3768597924422377  1.433973561694573
1458  -0.8902165997916982  0.3326915108707242  1.298040744731467
1459  -0.3873432545217487  0.2676299218258785  1.309586163013389
1460  -0.3982346057891846  0.2898300513625145  1.333505347371101
1461  -0.384931098908854  0.2910732639903532  1.323332494693291
1462  -0.4257949829668479  0.2889833996766322  1.341260646336148
1463  -0.4684582828031503  0.2890494399008737  1.34777322343509
1464  -0.3683244499158644  0.2669225252619925  1.289899292902104
1465  -0.5753346080735529  0.4590181279137181  1.523185965833281
1466  -0.5863127410411835  0.4848774671554565  1.461106225848198
1467  -0.6417717004061692  0.4532806618961818  1.506099253193487
1468  -0.6336221370533694  0.4664391926362708  1.50331635486973
1469  -0.6334828064979412  0.4679940563293515  1.460803251397473
1470  -0.6102432713363222  0.473746784099033  1.541922744392951
1471  -0.5842067147840295  0.4833649076584633  1.543065633111109
1472  -0.5252102441081852  0.4970524044786139  1.529978277703655
1473  -0.5228812049073286  0.5058344726227543  1.546488925180966
1474  -0.6746111243941362  0.3103930394962389  1.372001842832252
1475  -0.675866385158411  0.3484836768619614  1.401911229546844
1476  -0.4570352478981221  0.3890437778571158  1.401802063344743
1477  -0.5753743946552277  0.2209939062595367  1.312211528420448
1478  -0.5579025447368622  0.2676670923829079  1.341054067015648
1479  -0.3693546004847847  0.5340826620122685  1.083124770967381
1480  -0.3886352479457855  0.5539124310016632  1.038590498268604
1481  -0.4067522471109266  0.5899248265846851  0.9481498158423924
1482  -0.3907607598037007  0.610346211233658  0.9130087548891692
1483  -0.8740134549134548  0.2927674302889043  1.05492051788782
1484  -0.8330035829458533  0.1098568534109578  1.171904982962704
1485  -0.815454943632917  0.1030382475732377  1.168628589187637
1486  -0.7656614482402802  0.1205154694616795  1.176962371915579
1487  -0.740361537854773  0.4226669112972283  0.9989871555173515
1488  -0.9229391515254974  0.1868939399719238  0.9935688562691212
1489  -0.9461042351096496  0.1097120986381696  0.9937480969699078
1490  -0.9464947066602525  0.1354392101788842  1.021929848366197
1491  -0.4338809205547047  0.161588976699875  1.244971940655434
1492  -0.437598691088392  0.1385326277910467  1.226460537694711
1493  -0.4512787281412003  0.1301639161469092  1.205497312429229
1494  -0.4749057187038312  0.1634452091302213  0.9432173545163474
1495  -0.4796327100215194  0.1530314338328136  0.929267344293622
1496  -0.4709388280853759  0.1334340723525622  0.9158359037137411
1497  -0.4755439437227902  0.1789661600225757  0.9593910826517268
1498  -0.4801876461521777  0.1996336999377158  0.973716523052603
1499  -0.4727399441155986  0.1815502864708193  1.016583897092314
1500  -0.4668555288369489  0.1992314797553994  1.009556763615973
1501  -0.4181221259730461  0.1346567568403217  1.1652362894912
1502  -0.5860194861888885  0.4892898350954056  0.999063353985548
1503  -0.5792199075222015  0.4803770780563354  1.026592064648867
1504  -0.5823935654584826  0.4905539797720515  1.022846278427103
1505  -0.607574109575364  0.4856967055289548  1.018480781777729
1506  -0.6316860616207123  0.1028691232204437  0.9889110792428255
1507  -0.4018521086099626  0.197523230211979  1.033386658738533
1508  -0.2403504531840993  0.4962704895451041  1.365604229313264
1509  -0.2425713996301457  0.4761040382782714  1.317530125997008
1510  -0.2415315577025531  0.481973511485649  1.313643416037623
1511  -0.2378927162858928  0.5339610575415403  1.409884845826075
1512  -0.04405400562155556  0.2118987037002912  1.063217318961722
1513  -0.07304590940475464  0.2841854393482208  0.9887870214879513
1514  -0.05351813286909876  0.2136074261515079  1.072255430965486
1515  -0.05365749523227123  0.2723881729766099  1.074965855217905
1516  -0.03047279748794338  0.268202238814462  1.052824786157253
1517  -0.07339524832038888  0.2797818064162236  1.098600181537397
1518  -0.08741526685206999  0.286968346065331  1.113640969992834
1519  -0.03339102864265442  0.2387762144207954  1.036479754373431
1520  -0.03971582651138306  0.203891571611166  1.032030527479947
1521  -0.06233843220657631  0.1898911331229181  1.003602800593764
1522  -0.03723526598913526  0.2401671127071602  1.057999522826216
1523  -0.05358810276129708  0.2431195729396585  1.073616258153231
1524  -0.05962892845840129  0.2677421099652963  0.9984026049740208
1525  -0.09980548615766527  0.2962420683083751  0.9644411028655024
1526  -0.02094534039497375  0.244567796587944  1.046164056286216
1527  -0.02104729413986206  0.2125789448618889  1.046556980349123
1528  -0.02849526078258136  0.4393291837293957  0.8863402169675034
1529  0.0199750477609506  0.5695920574517758  0.8086569254249923
1530  0.02171743538925097  0.5469477679453898  0.8339210921211275
1531  0.01515442132949829  0.3036882355809212  0.8965040594339371
1532  0.1422066658555573  0.3559920376707328  0.9018639638770799
1533  -0.005404204174126348  0.3148711535733203  0.8920374858490365
1534  -0.01462616388589943  0.3185538810067743  0.8939388246336795
1535  -0.04964883173143231  0.3131715204105121  0.8885600247160049
1536  -0.03108462127343214  0.2886077543881223  0.8911744505663324
1537  -0.01532392066002985  0.2823138248619139  0.8879249859963286
1538  -0.04886644398900786  0.2929184943357317  0.8885043117985504
1539  -0.06883532862633013  0.2832078371088319  0.8993378750651391
1540  -0.005034841378564359  0.2767170533364228  0.8901603946681506
1541  -0.1821706241770341  0.4607148739577539  1.023911435212171
1542  -0.1964190306790773  0.4627852390721025  1.025736405735366
1543  -0.2140167951583862  0.486349493265152  1.04785637371242
1544  -0.09632859436898009  0.4306337510413288  1.05435166322995
1545  -0.09715983498544842  0.4019527995391038  1.088737063048781
1546  -0.1176040470600128  0.4126147329807281  1.020708380267024
1547  -0.103591868354318  0.4300844919789388  1.033552529105797
1548  -0.1062441170215607  0.3831636160612106  0.9918686337769032
1549  -0.06492207402581759  0.1371495862375079  1.048449255050856
1550  -0.06304947319431517  0.1317127406384022  1.0603499459064
1551  -0.0834390047943678  0.1443183634678126  1.083650377315522
1552  -0.1063312019658031  0.08302117375122123  1.076253359725494
1553  -0.1121365042406363  0.1168383987744451  1.09633182208848
1554  -0.2190213460024667  0.415130050775504  1.167302975071144
1555  -0.1846882399569086  0.4212526667576948  1.174255845337929
1556  -0.2053918283048171  0.4285304170894589  1.175053258901579
1557  -0.1389744124955653  0.405845920470338  1.122679261443525
1558  -0.1620772613709609  0.3886959927116603  1.141765799745786
1559  -0.2059709650115453  0.3901048331923244  1.197762196751676
1560  -0.2237899930981712  0.4856237002909907  1.091669027800154
1561  -0.2075347900390625  0.4553349018096924  1.107806235551834
1562  -0.2128209862443806  0.4722822179383275  1.107426910081167
1563  -0.06602054544372257  0.3775499045272877  1.069144806332244
1564  -0.1565459668636322  0.4130016565322876  0.950422789901495
1565  -0.1492406711888362  0.4197241621960815  0.9331197629549802
1566  -0.100345253944397  0.4411186724901199  0.8952489569783211
1567  -0.07748222351074219  0.4139789342880249  0.8978376165032387
1568  -0.1131930513265741  0.4481320021263294  0.9041124901681553
1569  -0.1281525716218068  0.4147441368403197  0.9200396486853958
1570  -0.1551064567845906  0.4094275163840225  0.9659859524670859
1571  -0.1755394530870723  0.4638595556901386  0.9565969963086821
1572  0.1162047740002455  0.4257575697963654  0.8870388432754195
1573  0.1799568706302275  0.4237635854859058  0.8556346160326234
1574  0.1564793586730957  0.465173527598381  0.8358959704637527
1575  0.2991547533659344  0.3130642245891695  0.8583275577518483
1576  -0.7181968986988068  0.05765234120190144  0.9968627169728279
1577  -0.7071828600435952  0.05109719371301746  1.020065029089859
1578  -0.7296955429339393  0.06022276496237277  0.9874017681397834
1579  -0.9118624031543732  -0.02590142376720905  1.065307831391692
1580  -0.9754574777662735  0.04556418880991447  1.038698482976523
1581  -0.9683557757901682  -0.01459808610034057  0.9915547780679644
1582  -0.9269135296344757  -0.03148641251027584  0.963115818798542
1583  -0.9314606522926405  -0.03374609156053409  0.9441806733485809
1584  -0.9351980497313157  -0.03694243374916882  0.9128006363766554
1585  -0.97254674781254  0.0004174323589617998  0.9934498404498766
1586  -0.9754413132079844  0.02872741671297245  1.023974644086089
1587  -0.9138502031697748  -0.01231128908020731  1.09955222107352
1588  -0.8023019134998322  0.02466765139251947  1.055764283053577
1589  -0.7933615608584599  0.02692863259806771  1.076364968623981
1590  -0.969379335641861  -0.03857270628213882  1.008125499822199
1591  -0.9707451600310446  -0.02249946658217865  1.011247199164092
1592  -0.9773597904079898  0.001199595114318029  1.014238184818658
1593  -0.8752220571041107  0.007529499009251595  0.9436485469341278
1594  -0.85650631747341  -0.001832756778264444  0.9634295398348603
1595  -0.8793006788290343  -0.004183389778536163  0.9298831493176101
1596  -0.6443188959951556  0.07431763887757036  1.138756024995506
1597  -0.6583231743734268  0.06867241865679956  1.112326096397906
1598  -0.1192939219798855  0.03213709525915581  1.037998904446322
1599  -0.1432974710153291  -0.03683258699298331  0.9733409316059012
1600  -0.1253472936397124  -0.02181787615305983  0.9798270183389055
1601  -0.2304444537359308  0.04789795708123471  0.9714715900551306
1602  -0.1200677156448364  -0.06296467781066895  0.9341880492866039
1603  -0.1501838862895966  -0.06438285484910011  0.908096931874752
1604  -0.1393405445282326  -0.08457472311982876  0.9127962610171853
1605  -0.1692857858996795  -0.04119008277420843  0.9053408132298246
1606  -0.1949466649706485  -0.03127750560402334  0.9071714523738067
1607  -0.1735889615361371  0.0003347371711588621  1.000344781978448
1608  -0.09719158596421351  0.01563923635878325  0.908685278525633
1609  -0.08233019709587097  -0.08803236484527588  0.8898192793130875
1610  -0.08034547161192185  -0.06913389606636869  0.9000286110285041
1611  -0.07660608761594101  -0.08340740121837618  0.9010950836809324
1612  -0.05039159592531828  -0.08286236185548784  0.8936073811487281
1613  -0.6771067914287938  0.5150263698734155  0.7474767725706249
1614  -0.6690027331601793  0.5228002994582752  0.4683136508384895
1615  -0.632998461609724  0.5830196750190316  0.536962856809829
1616  -0.6587516963481903  0.5534146130084991  0.5095976591110229
1617  -0.6686206831222961  0.5033629795732145  0.4436346722191004
1618  -0.6732779323684019  0.4876444496892879  0.437706419984234
1619  -0.6812457461559482  0.4555544732147307  0.4210502167242788
1620  -0.7233858138190026  0.3261311116806897  0.3909651147267787
1621  -0.7230717385491556  0.2861272300513026  0.3729324196129549
1622  -0.6664848092828888  0.4331668227042086  0.3819353490576325
1623  -0.6760552087896206  0.4384243862582174  0.397844408173834
1624  -0.7255081004154122  0.3590178657968953  0.4141175738326754
1625  -0.6870304675715515  0.3786504521531526  0.3753787085168152
1626  -0.7007816546025163  0.3987211260275564  0.4059809910032547
1627  -0.6746323769006342  0.3708171401337943  0.3556862498297885
1628  -0.6336977690188683  0.3600915671570515  0.3089862610254389
1629  -0.7416367898294367  0.3584475354480284  0.4408070553976538
1630  -0.7711177170276642  0.3012096732854843  0.4518758058547974
1631  -0.7773437258215616  0.3188230299735477  0.480372979081044
1632  -0.7950504036700845  0.312854660873629  0.5138890560052403
1633  -0.8139165112102653  0.2663143904343249  0.5299420265657382
1634  -0.8118206022077592  0.2215614542686642  0.4827612889419542
1635  -0.8196668424187568  0.2424304301650322  0.5154519914637929
1636  -0.8231031892631095  0.1331960493974366  0.4680121797454503
1637  -0.794093308232158  0.168625511689044  0.431991423665646
1638  -0.8107384888760303  0.205625064960465  0.4672045332389114
1639  -0.7755875225850111  0.1626498812655814  0.4059323193017932
1640  -0.7622407889268334  0.1359911013299352  0.3708535894540627
1641  -0.5403574736640024  0.6675278390734168  0.6123905889234934
1642  -0.5343226742678748  0.6696711219785303  0.5216091861098209
1643  -0.5534174543246746  0.657500124604584  0.5399045505031544
1644  -0.5606945439666169  0.6543661445665508  0.5822845081205109
1645  -0.5236269949539329  0.6626874046814466  0.4609529228606689
1646  -0.4900369664275148  0.6845509701312524  0.4644981415030784
1647  -0.4750606699076028  0.6981997175276723  0.4887634191649657
1648  -0.4792233142728328  0.7034140080199427  0.5213564811113421
1649  -0.7590850680586221  0.4297470930961808  0.6576268677628585
1650  -0.7473200857639313  0.4342755526304245  0.7460008338093758
1651  -0.7109641134738922  0.4964523762464523  0.6679197549819946
1652  -0.7207511441056136  0.474399292590316  0.5210270736896476
1653  -0.8493191301822662  0.1049939915537834  0.5150385499000549
1654  -0.8362161269432491  0.060738578389493  0.5023613401331031
1655  -0.8172733396632945  0.0381018536397655  0.5491046414741665
1656  -0.8471956532099301  0.1023373610494848  0.4983475793980056
1657  -0.8382381694635959  0.09839440133926498  0.487350367733796
1658  -0.8535127109135223  0.1075243355206801  0.5353905119603242
1659  -0.8675470472664599  0.1129184451360302  0.5685575997426255
1660  -0.8703508682681156  0.116470238557336  0.588566248057566
1661  -0.8793691789837716  0.1299665261851952  0.622819204432245
1662  -0.8716930329779795  0.1677686512344559  0.6468388858668307
1663  -0.4526501295346235  0.1055337078864196  0.7769449978566474
1664  -0.5209704339504242  0.1056422516703606  0.6052118390798569
1665  -0.3617241680622101  0.09798216819763184  0.6664593517780304
1666  -0.4160910546779633  0.1103627681732178  0.7713351845741272
1667  -0.3880362129045115  0.123780989061707  0.7770887711695442
1668  -0.3578840992292409  0.1226077009757529  0.750094311375751
1669  -0.3629199758624205  0.1164827111103263  0.7181765942369334
1670  -0.4048443972324089  0.09700099612341007  0.6672488335987243
1671  -0.5673167407512665  0.5829533040523529  0.3890504539012909
1672  -0.5489256388862944  0.5823409572960204  0.3708049429731117
1673  -0.5203045578622478  0.5780624362987128  0.3369068825708399
1674  -0.5050263208976302  0.5459358773135718  0.3053399537600936
1675  -0.5976307690143585  0.5641008317470551  0.4028600454330444
1676  -0.6110867126043231  0.560791801014639  0.4143355095556335
1677  -0.2705743312835694  0.6370309889316559  0.2840384244918823
1678  -0.7125628873252035  0.1963783622889431  0.3301334235485321
1679  -0.737667053937912  0.2010903134942055  0.3555132448673249
1680  -0.7580581009767686  0.2031729004901061  0.3924384328703605
1681  -0.5598888107196167  0.3644788844967988  0.2579494139708076
1682  -0.4112630750901261  0.4211990199717324  0.1999238975451365
1683  -0.3881507813930511  0.2797984778881073  0.151069700717926
1684  -0.3584546646409558  0.2999409691815021  0.1476467818424047
1685  -0.3345154539947069  0.3165317270201587  0.1451678640722648
1686  0.180759608745575  0.5968235731124878  0.5593867748975754
1687  0.1155457143906402  0.638747925796183  0.5469303905208085
1688  0.04857508793794041  0.6719209061029267  0.4511359879986232
1689  0.0005851502120621521  0.6921587456504564  0.4537691965636084
1690  -0.002237821716008975  0.6971470005766401  0.4746317670361573
1691  -0.04730190916414356  0.6976599364278948  0.6397909856844131
1692  -0.05337804555892947  0.715965062379837  0.5271026194095612
1693  -0.04784035682117541  0.7134122968141637  0.4818066036990143
1694  -0.05546167929477885  0.6763663835374941  0.7078199550058789
1695  -0.1165260024539508  0.732174793570587  0.5982486802343425
1696  -0.0850069645877618  0.711473156854187  0.6387151429059057
1697  -0.09263360500335693  0.7141492366790771  0.647866427898407
1698  0.05475877728051881  0.6728488488918015  0.4789702955526355
1699  0.1837919671720737  0.5992218875027649  0.5226194593712088
1700  0.1591669740151682  0.6112396290531813  0.4900978175021263
1701  0.1391131724532807  0.6316139028214259  0.4922723027007651
1702  0.1876454025640433  0.5152152139337532  0.3142419689262775
1703  0.1936343163251876  0.4513840824365616  0.26016965508461
1704  0.1998043755373666  0.4181783830978668  0.2410811239632729
1705  -0.03516399556643493  0.4830580244585119  0.1841164594826632
1706  0.007488600787498079  0.551247521215092  0.2327295897054695
1707  0.02695967673038208  0.5778303102621666  0.2599039112939442
1708  0.01535406708717341  0.6077441573143005  0.2829420566558838
1709  0.005745725676028574  0.5968611120258445  0.2685650801777246
1710  -0.01238769237889562  0.4742054152625057  0.1843278832157286
1711  0.06218839786372238  0.5126944306724623  0.2234010401793465
1712  0.111377313860168  0.5146387859650412  0.2464718423124277
1713  0.112735243441089  0.4982100942737107  0.2370399764236206
1714  0.1312922175021147  0.5372542407160485  0.2847906787852121
1715  0.1472499742631526  0.5465269269867296  0.3094225661361091
1716  0.1441705135682684  0.5742341477409316  0.3397094011351172
1717  0.1332036264258672  0.5993710257367552  0.372113320435522
1718  0.1383489975016117  0.609746624493395  0.403408567226383
1719  0.05801103803518987  0.534300950779233  0.2347288598679286
1720  0.07655610757458492  0.5472163861725593  0.2526774172985752
1721  0.06493907142928784  0.5437594137201935  0.2443977969096803
1722  0.09280626623007709  0.5424113044820251  0.2585238140335531
1723  -0.01204100132791633  0.4542923761560668  0.175648000203147
1724  -0.02844861774134957  0.446194225493785  0.1707649605184306
1725  -0.0293600857257843  0.6645375192165375  0.7130198031663895
1726  -0.01046191650141215  0.6603497185766816  0.7032459070445406
1727  0.03114469882404913  0.6187685216561317  0.7487413150910102
1728  0.08899799193466551  0.6204583868705499  0.7047135402271071
1729  0.01802153667309114  0.660393711212957  0.6863348570003914
1730  0.02338259701114342  0.659003981299196  0.6734009073808953
1731  0.02717050909996033  0.6365947723388672  0.731345608830452
1732  0.04655989033192276  0.6002240748144313  0.7617542199434932
1733  0.06350919604301453  0.6508645713329315  0.6287252306938171
1734  0.1117530316114426  0.6237301528453827  0.6383069306612015
1735  0.08625128865242004  0.6307593733072281  0.6629412323236465
1736  0.1448566406789681  0.6019237569042626  0.6494124805680823
1737  0.1691392362117767  0.560385137796402  0.7063624411821365
1738  0.1508176773786545  0.5961126983165741  0.6821685433387756
1739  0.1630344042914125  0.5779888655874249  0.6959878524281359
1740  -0.1876143116861666  0.7382336761109778  0.6460244469268749
1741  0.24036443302693  0.5530653404281863  0.5448769803404885
1742  0.4465301521122456  0.3007402420043945  0.5081908702850342
1743  0.252539159781516  0.5176515468132067  0.6643414550570587
1744  0.2338270500578858  0.5099645078975743  0.7105997702920409
1745  0.4428307796740554  0.1974005584741629  0.7455204316350935
1746  0.4412890142350219  0.2431801087046146  0.7153411338665485
1747  0.4500043705403379  0.1164160593399201  0.7440002809894487
1748  0.4120773948164802  0.02355560748350871  0.7578931334024906
1749  0.3878583237528801  0.3959858417510986  0.5662880390882492
1750  0.3879838660867831  0.3938561526266621  0.5993706021031744
1751  0.3890425459833367  0.3915768724472203  0.5166831549760917
1752  0.331501827825801  0.4675246368495262  0.537712335329017
1753  0.4847972360772362  0.1915461823125134  0.5284847354868432
1754  0.4765052817852959  0.2004602066832657  0.4950624901316741
1755  -0.01885918139769263  0.6844394776058658  0.3975394090910179
1756  -0.07138259972348596  0.6324698304547127  0.2825878421964754
1757  0.2685389071702957  0.3245881795883179  0.244923859834671
1758  0.2783068120479584  0.365669459104538  0.2699203193187714
1759  0.2500271424651145  0.3653364628553391  0.250124454498291
1760  0.2332722914291788  0.3641846811155107  0.2388492483211244
1761  0.2349274194277012  0.3247120695998086  0.2233279624736649
1762  0.2139632533528719  0.3653141102351193  0.2246401228032615
1763  0.2819471669773046  0.3847279402177157  0.2875178610350797
1764  0.3027447238564491  0.4110198318958282  0.3292330801486968
1765  0.3692070370006852  0.2486148016678525  0.2965837668258874
1766  0.3711036843923035  0.2833979077765565  0.3117455599715548
1767  0.3715989994897873  0.2170932025631887  0.2883369387122516
1768  0.4199517762255324  0.08376036440732916  0.3271540633370774
1769  -0.6891519725322723  0.01296492386609316  0.4476530253887177
1770  -0.7552007734775543  0.03364657866768539  0.3946917057037354
1771  -0.7547028470314336  0.02726460230564615  0.3710028762495906
1772  -0.6844995110422258  0.03886715837724186  0.4671051096259431
1773  -0.6615658663019379  -0.05443714509167649  0.2530039599065765
1774  -0.5724446560379486  -0.04437613856332335  0.1961860225369073
1775  -0.6881644655629333  -0.08715966472247469  0.380796426074079
1776  -0.7017573133526258  -0.09187056708715256  0.3703622081544238
1777  -0.6714502097251851  -0.2065509259571928  0.2865957735385226
1778  -0.5860737860202789  -0.3626306653022766  0.2686241567134857
1779  -0.5489457547664642  -0.350790411233902  0.2907539010047913
1780  -0.5651612777444019  -0.3548977704821549  0.2565570566536025
1781  -0.5486041832649067  -0.3498434012551054  0.2429339948165581
1782  -0.5399968821558707  -0.3504359218708322  0.2259139782433481
1783  -0.5154180385388221  -0.3089841026419533  0.2073086105294843
1784  -0.4438073891163854  -0.3477366921754413  0.28546764349447
1785  -0.5322040101198091  -0.3870399241357578  0.284058271283476
1786  -0.5060628800443401  -0.3917766210632739  0.2848027117634931
1787  -0.5005140865352316  -0.3911796809146276  0.2776416955967046
1788  -0.5334301365479286  -0.4190029566765562  0.2835280358086179
1789  -0.5890772047604802  -0.3620080948400268  0.2904841932889494
1790  -0.5443564121890392  -0.3288588780902674  0.2934263022022094
1791  -0.5494745487631798  -0.30699640826438  0.3002600916922631
1792  -0.5754767896988791  -0.2839063512293691  0.3142589763316815
1793  -0.7934649699243963  0.04277488775251247  0.4977673738993109
1794  -0.7820366322994232  0.04762076400220394  0.4706157445907593
1795  -0.7762685116113095  0.0404338853360065  0.4842977643480236
1796  -0.7550965720396456  0.04415579105547462  0.4983793990132488
1797  -0.7257137193141676  0.05211528750371899  0.4946605189653402
1798  -0.7931728122369162  0.05489639691383685  0.4512117625215041
1799  -0.8091000895851757  0.07079749422135062  0.4435258125756141
1800  -0.8091948948333669  0.08704869654309186  0.4523062171484026
1801  -0.7954930365085602  0.04886746406555176  0.5263639092445374
1802  -0.7113566100597382  -0.04657308757305145  0.3954227566719056
1803  -0.705124913704692  -0.04094654678258839  0.4036347952457351
1804  -0.8661652505397797  0.039822056889534  0.5601473450660706
1805  -0.8525382083086841  0.02271039665766741  0.5593802174279197
1806  -0.7483514097615214  0.05138817978365415  0.5500186329305188
1807  -0.7431708678211653  0.05698304259898355  0.5885266736221904
1808  -0.7401133711773689  0.05633576045240369  0.6145933453167045
1809  -0.3907312439873969  0.06873356454040097  0.606297101965968
1810  -0.5652360127545955  0.01275021434626151  0.4746358454263967
1811  -0.6313193060687223  -0.05257116318592562  0.4197406443657667
1812  -0.5980377711614786  -0.09557038840235493  0.4167969090867649
1813  -0.5654799861368367  -0.1265437138900873  0.3974723778235627
1814  -0.6883362233638763  -0.1325889267027378  0.28990837931633
1815  -0.6863283216953278  -0.1670182812958956  0.2969841063022614
1816  -0.6921932268679833  -0.1671937188924441  0.3061009413259708
1817  -0.7000660337091875  -0.1329398018958348  0.3081420493637487
1818  -0.6936001636295523  -0.139298836829175  0.3544359285963693
1819  -0.6880256424372493  -0.1339204242461804  0.2792966195688297
1820  -0.6858624503053874  -0.1690155276110595  0.2810664666810109
1821  -0.7398427189222687  0.01188630951950563  0.3327420681352369
1822  -0.6275769174098969  -0.2642233520746231  0.2628149092197418
1823  -0.6416217833962494  -0.2700718901287096  0.281428976890519
1824  -0.6417202327470113  -0.273918230917175  0.3062759652322009
1825  -0.3590307196389126  -0.2836865106767926  0.3076535306317372
1826  -0.3558177858766357  0.05382774807103055  0.1112091076116644
1827  -0.3379378616809846  -0.01001255493611097  0.1089890003204346
1828  -0.4121930003166199  -0.1856247559189796  0.1458631455898285
1829  -0.4598177716498846  -0.4318689112977672  0.2620784620248701
1830  -0.4655353724956512  -0.4589263200759888  0.2195651233196259
1831  -0.4583369979827387  -0.4205927152339228  0.203201494265732
1832  -0.4407215719085187  -0.4363697129493859  0.2644803651995483
1833  -0.4151857495307922  -0.4619473218917847  0.2566655278205872
1834  -0.5326147941775206  -0.406598564501418  0.2507735288867928
1835  -0.5158237516880035  -0.4259648323059082  0.2446578145027161
1836  0.2223745366549107  -0.4681632111195173  0.3417743774018102
1837  0.2512679389071774  -0.4489718710056508  0.3354907929344834
1838  0.2343287839169436  -0.4537455446818672  0.3550559626467275
1839  0.2539599203606681  -0.446785758497661  0.3266791906847402
1840  0.2477051054697716  -0.4429610308743639  0.316235540277003
1841  0.2274878365132025  -0.4540325640615995  0.3072211675962607
1842  0.2196567380149285  -0.4669819870841315  0.3198624171236208
1843  0.2181980499917325  -0.4620162154041417  0.3272927625425727
1844  0.2223939033786655  -0.4632407761811291  0.3114570939659347
1845  0.2369292825460433  -0.3970828503370285  0.2555938959121704
1846  0.1587199419736862  -0.3818596750497818  0.1953468024730682
1847  0.1401275374993505  -0.3501202297258345  0.1713228471200231
1848  0.002451330423355075  -0.3522918075323105  0.4175248146057129
1849  -0.06719823597648913  -0.4659692359376439  0.3370054516786987
1850  -0.1015898162260222  -0.4836336525465534  0.3218105647269638
1851  0.01544343873644621  -0.4347165063900573  0.3575364187644292
1852  0.04684749443733605  -0.3872436595922489  0.3911035050879121
1853  0.09302337379984277  -0.4087736116839538  0.3801093620284978
1854  0.1309405292984322  -0.3493682786987017  0.42302894406031
1855  0.1800530639330682  -0.354763689626575  0.428031199810603
1856  0.2989797788496996  -0.3001219974268955  0.2556197976751973
1857  0.2116745211873896  -0.3283362474690632  0.4526741698404778
1858  0.313743979993647  -0.3284620737460104  0.4774465307797526
1859  0.234960465591794  -0.3046641656206305  0.4790459922773453
1860  0.2879823933935542  -0.3173582133899824  0.4876666510669604
1861  0.2693375683572946  -0.2688328480803149  0.22459318882831
1862  -0.01409684397387137  -0.4793719269773773  0.3259614773236895
1863  -0.06826182549947948  -0.345374370099795  0.4359316705360123
1864  0.02679368853569031  -0.3047901093959808  0.461870551109314
1865  0.051166832447052  -0.3296819105744362  0.4326580315828323
1866  0.07336491445404247  -0.3471578366044054  0.419447376823932
1867  0.02094661019489341  -0.2759111677660565  0.4937417956628831
1868  0.01434816045454135  -0.2400964843948021  0.5479287682340113
1869  0.3498913108592114  -0.3632953957974411  0.3801484667072759
1870  0.3904859871224846  -0.3227037317466734  0.4260517024355192
1871  0.3506065735234012  -0.3563677754239303  0.4365911209109067
1872  0.3856857290797492  -0.3264112972475847  0.4372527709314014
1873  0.356476813983875  -0.3543055724717174  0.4242044832846205
1874  0.3670447155692222  -0.3461432639070445  0.3995450194680122
1875  0.3677749474353189  -0.3382719947018257  0.4514610779048323
1876  0.3710812715318121  -0.340358434859651  0.430728627108011
1877  0.3787653513458534  -0.3344234978268589  0.4127983609517658
1878  0.3561830744147301  -0.3384076803922653  0.4588923752307891
1879  0.3503239464865551  -0.3490324976086349  0.3601461525680528
1880  0.3795258939176902  -0.3093503402208483  0.3776357195125049
1881  0.3306765148799187  -0.3386922375652472  0.315373632133769
1882  -0.1940539516992686  0.02655575908431723  0.7251439204013009
1883  -0.2040509147506692  0.0008442511050400314  0.717186897504822
1884  -0.1919016019454628  -0.07221904592252773  0.7167488233789294
1885  -0.1980174429172616  -0.05037068893218618  0.7235620991879514
1886  -0.1932944037468027  0.05792276745030565  0.6883704034143032
1887  -0.1872243165789301  0.06180745228839548  0.6871724356963733
1888  -0.1491689566623203  -0.1485890275213931  0.66753070660803
1889  -0.1287789185577785  -0.1715968467420849  0.6487452828520728
1890  -0.1551948228202807  -0.186574768586531  0.6057712406652337
1891  0.07130551121886564  -0.1178070630665144  0.7375748951673272
1892  0.04728001202597942  -0.1238763339290768  0.7398399278100755
1893  0.03262255338988274  -0.1735113554152257  0.6552737608583962
1894  0.002879040660508925  -0.182765108016935  0.6600394014039783
1895  0.1132944226264954  -0.1331395208835602  0.6886280477046967
1896  0.08285015391222472  -0.1399225210011489  0.6896471882323671
1897  0.03929209731920014  -0.1509260652599989  0.6937536760620597
1898  0.1571878790855408  -0.1071936190128326  0.7268318086862564
1899  -0.1528861454589824  -0.3078363685313584  0.4521931517624574
1900  -0.1540474593639374  -0.2484342083334923  0.5269635021686554
1901  -0.1946507394313813  -0.2337207347154617  0.5110385417938232
1902  -0.2232711911201477  -0.2271829396486282  0.4608497321605682
1903  0.469999833684397  -0.1360983995373103  0.5979248154505749
1904  0.4507987318472082  -0.1328650391614806  0.6342313664215663
1905  0.4121284857392311  -0.1696610897779465  0.627949520945549
1906  0.4232498823147313  -0.1772533660043752  0.6230510138716349
1907  0.4341692612872675  -0.1740666677136589  0.6141086535764274
1908  0.4322384531116757  -0.1868714151002559  0.6003011428348675
1909  0.4061891992735154  -0.1967884087657929  0.5994380029888182
1910  0.3787843289449025  -0.2492813654289677  0.5549283553237927
1911  0.3940156803941197  -0.2064719517817285  0.5983873156277206
1912  0.3890072517463565  -0.2347588681123621  0.5697393079643359
1913  0.3660477553196869  -0.2174285758020198  0.5878622046186192
1914  0.4025359621126428  -0.2294589042227163  0.5748305393673159
1915  0.4523107707500458  -0.1682138442993164  0.5600180327892303
1916  0.4704885794148737  -0.1755358207228959  0.5409818472000156
1917  0.4720690123921034  -0.1630107320109266  0.5443365581698887
1918  0.4595173752295592  -0.1525556176642858  0.5541259552933071
1919  0.4597015012812451  -0.1441582522686166  0.5398673790249948
1920  0.4729940705001354  -0.133356012403965  0.4952311813831329
1921  0.4682731829703332  -0.08120597245861406  0.4074037196811777
1922  0.4724971187013323  -0.08912211996258067  0.4273095344489936
1923  0.4770994805679406  -0.1162652722899355  0.474319532196306
1924  0.4670019514354257  -0.1446593560472791  0.5344930676058062
1925  0.474523798927263  -0.1459973965124637  0.5317867724157523
1926  0.4422556023553798  -0.1603986997238719  0.6068103449289075
1927  0.4676601861196573  -0.1475236429932491  0.6042959437982389
1928  0.4527533681863434  -0.154191952139603  0.6093368824390952
1929  0.4079874664618245  -0.1477075968228894  0.6496641147143161
1930  0.406903720903944  -0.007904555879630879  0.7490056622694758
1931  0.4383548338278247  0.007176132449273513  0.7264690370468435
1932  0.4286986812856715  0.00422115913549245  0.7423250285547943
1933  0.423972188043042  -0.01476232321926389  0.7408092791637026
1934  0.4378746911420708  -0.01050788280181495  0.717980521010271
1935  0.4526231377046079  -0.008504381304192076  0.7042178779404281
1936  0.4693953591305788  -0.002995935845678721  0.6861989340659462
1937  0.4758301831609293  0.01546993382990072  0.6717389268287621
1938  0.4168435699304096  0.008984304812094992  0.7480179260855131
1939  0.4746023058397604  -0.09070127928184001  0.6068795635193563
1940  0.4770356169224573  -0.1108676375751723  0.5574250759213797
1941  0.481243442064206  -0.08939231070046147  0.5483523072636338
1942  0.4832182912675214  -0.08554950226236389  0.5345817479407819
1943  0.4887417173334924  -0.03894416086718821  0.4792433636877002
1944  0.4799130904945836  0.01860726388745512  0.4400810228271315
1945  0.4868677005925248  -0.01141524556581631  0.463077458894098
1946  0.4904867752712471  -0.05505834052154848  0.5016144994982226
1947  0.470647345354187  -0.1163526350153493  0.5543725103427395
1948  0.266810248182962  -0.07276970792883886  0.7589082658521422
1949  0.2666994003182278  -0.0563148625684701  0.7798535688463984
1950  0.2647659702374165  -0.0944483357430036  0.737850230835198
1951  0.3608027622103691  0.01420463621616364  0.7953382432460785
1952  0.3372190531963709  0.03063482490757589  0.8162410710412982
1953  0.3874590620398521  -0.2936104983091354  0.5003919899463654
1954  0.4139406246235717  -0.2605654696220487  0.5225688311492476
1955  0.4326218504477792  -0.2413297297422156  0.5094883847391725
1956  0.4436329542068104  -0.2307840963110083  0.4790327879645188
1957  0.4411656595766544  -0.2104763612151146  0.4268931150436401
1958  0.4398764981354694  -0.1836150852996876  0.402650940416679
1959  0.4370374992295443  -0.1491927470751065  0.3678993297430496
1960  0.4225837955148749  -0.1049686208006111  0.3375853250621622
1961  0.4410842694899352  -0.04772305995034623  0.35686276760631
1962  0.4600633858053893  -0.03083592495145954  0.383673764774274
1963  0.4407175172979636  -0.2256088477033297  0.4449196688235077
1964  -0.03373017907142645  -0.2019336298108101  0.1078322231769562
1965  0.02277947627403393  -0.1851945065466132  0.1107120177247076
1966  -0.07487008675210999  -0.2749704697524012  0.1117605880228717
1967  -0.02980166364434295  -0.2577478730537466  0.11257590041256
1968  0.2515348927677276  -0.004248397996823525  0.1834192690676086
1969  0.2313181214147024  -0.003274736191937583  0.1725764577939707
1970  0.1313862171809975  -0.4368696153565405  0.3693440345945107
1971  0.07127000391483301  -0.5238893628120422  0.2912459075450897
1972  0.1231529414653778  -0.4999696016311646  0.2548117637634277
1973  0.1130274870903319  -0.4866656273697154  0.2289007639577226
1974  0.1236002048857867  -0.4955415892285699  0.2467753592990501
1975  0.09689918126884156  -0.5073894693502816  0.2350506164821792
1976  0.1040381044149398  -0.5105660855770111  0.2505346089601517
1977  0.1102496930773141  -0.5014655292894258  0.2409129878906147
1978  0.1020781752580447  -0.5203848054352544  0.2604370429689203
1979  0.1049707010388374  -0.5213075578212738  0.2909647524356842
1980  0.09513147568176072  -0.5018438722770671  0.2281008823350913
1981  0.04439593851566309  -0.5251077711582184  0.2690328359603882
1982  0.04027425257118772  -0.5343574587480114  0.2492752997764656
1983  0.04313793129019511  -0.5211515738883777  0.2209213046178429
1984  -0.01045164790604228  -0.5300471342761897  0.2113657875828548
1985  -0.4764912262196999  -0.06310289982055169  0.2866307546918889
1986  -0.721766050485982  0.2542585223261928  1.096971468487251
1987  -0.5239568606246048  0.3348575212410016  1.196207676426468
1988  -0.1402870441904935  0.4140022363452099  0.4581057746540552
1989  0.1177020889424299  0.3076543047396581  0.4259215279979346
1990  -0.6848618689712611  0.2509494799257718  0.7940423294974038
1991  0.152036479344569  -0.3509717767482863  0.3221399075553251
1992  0.02570053497071739  0.389415054793978  0.3314396872936431
1993  -0.03538979758359109  0.5441974504890625  0.4520362719434831
1994  0.2475106120172949  0.3073983629418891  0.3768827989141406
1995  -0.7041544574991656  0.12577498617623  1.063170796152969
1996  -0.1009082974736392  -0.3109026050671662  0.2631233516605804
1997  -0.3753947305231909  0.3746566814914014  1.14749378557263
1998  0.2370199126196996  0.08953671249292609  0.5451750234962354
1999  0.02946088372897343  -0.3117852467688822  0.2465071297800752
2000  -0.04464061941702827  -0.2980546928274198  0.1864631065840613
2001  -0.5838549865547529  0.2000515568952276  1.139026317975181
2002  -0.3058355662719316  0.2162757430658989  0.3861789396740192
2003  0.2713227190147347  0.2615777508260224  0.5599897898869577
2004  -0.4450650555732234  0.3879793831093019  0.8245918242932002
2005  -0.3927530361056816  0.1323609844897626  0.4641375689423786
2006  -0.4755161148777654  0.4285869576494887  0.9330233864029428
2007  -0.2019451354264679  0.06914363193775956  0.4567320720085013
2008  -0.3913894916055694  0.4525056104961129  0.5249836698266219
2009  -0.5153440356141514  0.5061988279393451  0.5794648445521748
2010  -0.3267742191202454  0.5055990473299384  0.7159656000659633
2011  -0.4687877856075851  0.2181141251509145  0.3256330085961964
2012  -0.6335534751415253  0.1720924004912376  1.264526471495628
2013  -0.2146455759328755  0.01665344709373252  0.5745198204389537
2014  -0.5452806055545807  0.1929362639784813  0.1994896829128265
2015  0.02119270498809356  0.618547912048489  0.4167602462253196
2016  0.05512201659475657  0.04496677668902727  0.3786978704570052
2017  -0.4548250530392683  0.2474310107320691  0.7867819365548553
2018  0.2412668946794843  -0.03538888062984496  0.4152754352287982
2019  -0.5968436047285721  0.2222534689828307  0.4303154848776767
2020  -0.7164736094973967  0.3685425456557483  1.264892345322218
2021  -0.129470930195536  0.4727918632942349  0.6577723749846061
2022  0.3677091793033751  0.03224798987558705  0.5275081301906881
2023  -0.7405382692813873  0.4384422898292542  1.302945867180824
2024  0.07284395396709437  -0.3435155749320984  0.1447695791721344
2025  0.03244338849871603  -0.2948204863283602  0.3159016971609554
2026  0.2280912426534359  -0.2352958417312739  0.3553341518531605
2027  -0.3002241569831518  0.224290532078801  0.2528813667915902
2028  -0.6818451297159778  0.2610591292751877  0.634185346258209
2029  0.1155122314770757  -0.1085225435425394  0.2793063700387458
2030  -0.5958310990246312  0.1165909192161067  0.3753267021989899
2031  -0.588751342161193  0.3593259590003137  0.8514519309422987
2032  -0.2077411129792872  0.06796461573304739  0.2712867894251104
2033  -0.2544105385639642  0.3736106125428821  0.8017058654848714
2034  0.3248237040867857  0.1502550402364107  0.67655164828701
2035  -0.1543319627845814  -0.05985531612816313  0.6139585963901599
2036  -0.5961249768733978  0.4802376627922058  1.32206954061985
2037  -0.3488902807802254  0.006365465580015394  0.2656859817369487
2038  0.01717340144681945  0.3827883050258253  0.5503126528145875
2039  -0.6007101608558871  0.373291143066421  1.323996616419811
2040  -0.7326752919941273  0.3682475229479419  1.352524348425588
2041  -0.4027338066080647  0.3317382137810506  0.3178826101695189
2042  -0.09418770928739376  -0.09586963685242714  0.2804273511135643
2043  -0.2854038231238361  0.5726040122281167  0.5128713525757076
2044  -0.6501631324516566  0.3806017352967679  0.7738315132742902
2045  -0.5728513216327151  0.5189677609111667  0.6480679303857193
2046  -0.8309823465642536  0.09435003251402553  0.6879263289753603
2047  -0.6730260564920081  0.2311608052095272  0.5052454934641598
2048  -0.05816149785724059  0.1995219740551075  0.3329773973948241
2049  -0.465104259824703  0.07284140829896199  0.2832925259288672
2050  -0.3522125675211317  0.2775085627266092  0.8236822591394464
2051  -0.8609109222888947  0.2251877412199974  0.7086429744958878
2052  0.2888615106711674  -0.1910447336773131  0.4603269234561252
2053  -0.2883654795310172  -0.1126809561555078  0.2170768216861456
2054  0.3541052824716636  -0.2778321734482823  0.4402012536344299
2055  -0.6521821155031353  0.4181690730245503  0.8877512907110352
2056  0.2460687614593896  0.3114808730711776  0.7105847893635329
2057  0.07326723572173188  0.5164221829749603  0.5719596340684574
2058  -0.4544466769552105  0.007735539941736136  0.2296347831715003
2059  0.2624601118871588  -0.2808692823360033  0.4048119135012551
2060  0.3094665062740114  0.255603716138424  0.722851963045851
2061  0.04888579761464201  0.1458477915702573  0.248382746910261
2062  -0.5285663753971264  0.00260205482753711  0.2733383096794394
2063  0.238786010489563  0.2545041928428876  0.2939716024832059
2064  0.235933440261794  -0.3192521772211601  0.3109576047024977
2065  -0.4156117021461448  0.2993686643369647  0.4622257753821752
2066  -0.3252982034562502  -0.2225243558416261  0.2081384285908907
2067  -0.2774984646957978  0.1082177388495845  0.5334928002915603
2068  0.1109356482459587  0.1053233945400256  0.7143939569520547
2069  -0.5561346352060357  0.4349073230763373  0.8899030930769283
2070  -0.4581391756532813  0.06427737835448005  0.3922746759311647
2071  -0.8313076569901621  0.08609829538405411  0.7632145787298807
2072  -0.6529926985911474  0.4545146072021849  0.5839374312143354
2073  -0.65591574886787  0.1599336310918146  0.4328318271279096
2074  -0.2781613422669328  0.3471523532985058  1.030165220587748
2075  -0.1509201557806275  -0.3711530369269708  0.1977212786324234
2076  0.3733302018026033  -0.2234700991804089  0.5018585227421974
2077  -0.302145590328154  0.005542314039439123  0.4719299131500224
2078  -0.09634292704287364  -0.330130467692425  0.355474854629617
2079  -0.3319530685941628  0.6617483313368625  0.421654634124624
2080  -0.1819798574871694  0.510743910187654  0.7731127415276262
2081  -0.1751339775721388  0.3178552401726047  1.059603864993291
2082  -0.4938106217039857  0.3347512600117228  1.048968971792706
2083  -0.2455032733785235  0.6032540225819237  0.6728895824437292
2084  -0.0127591854708087  0.01373451553249186  0.2299365455062321
2085  -0.3119421681371257  0.1135243953835277  0.4173577197853464
2086  0.1622310310605798  0.4037987990710712  0.730705061863435
2087  0.3507522554282201  0.3368518049562978  0.5752425648933187
2088  0.1708312957551666  0.01968307762389866  0.3073664285453125
2089  -0.6838304194018208  0.3050451033627272  0.9150411653320115
2090  -0.5272998066672843  0.4114519778750541  0.4483592067053991
2091  -0.6026371987235379  0.445110155352466  0.801437324254499
2092  -0.5519038569632755  0.0807268016561305  0.26719873236639
2093  0.2231483843553801  0.3911902163732602  0.3430005427710365
2094  -0.4864717482927843  0.5014987025060021  0.4124581975763538
2095  -0.1796335540846815  -0.1912029131635871  0.2639766607841542
2096  0.3467682294434918  0.08020104968288434  0.7513145424921913
2097  -0.3029751112786702  0.430600482890902  1.201492396451211
2098  -0.8157151640394866  0.171986772770254  1.103519683793416
2099  -0.2388533516601161  -0.03218570900895035  0.3533956666947048
2100  -0.3991359425372145  0.4176285098574553  0.4208608084179949
2101  -0.17941609039463  0.3392700013463453  1.120221472462622
2102  0.1560221076113685  0.4522280621147634  0.4645395077254323
2103  -0.394798843803065  0.210463025315504  0.7967827380744935
2104  -0.7410865527831201  0.3133835900891851  0.7486303513594443
2105  0.3593903699728763  0.004503301484645491  0.4137333880764461
2106  -0.8906703930078994  0.1707095580110476  1.143190077204796
2107  0.3825311735272408  0.3562025427818298  0.7054464519023895
2108  0.41058224235151  0.3326952081040846  0.6720724834302474
2109  -0.1939552917375254  0.6446023638673933  0.4759654246429151
2110  -0.6449516805476203  0.1665083090865301  1.17358337657927
2111  -0.2427940213106969  0.2471221925992627  0.1707262986983489
2112  -0.3802128269968881  0.4294201390262144  1.021416932531238
2113  -0.2179130661381306  0.5238429214187507  0.3916992286595422
2114  0.06526998114563465  -0.1909540381786167  0.4059160736108746
2115  -0.3156384763761428  0.1638262177768911  0.2111220062491714
2116  -0.006851874262258195  0.37394044486176  0.7447009660681964
2117  0.3500632829253677  -0.08631167974072777  0.5701852430266635
2118  -0.4765504598617554  0.4832149744033813  0.2572912573814392
2119  -0.624269611487221  0.3414962523632563  0.4678315349002602
2120  0.2420194402728643  0.3309594457998227  0.2911935756757539
2121  -0.08894897591306772  0.4889022432860167  0.7664683715552509
2122  -0.4375408070153999  0.5593392434939497  0.6937319600658061
2123  -0.8033214925848742  0.2961087287084141  1.087669007563965
2124  -0.1345779959077264  0.6279618679651593  0.3533565732153235
2125  -0.1162631438262353  0.4373005943329543  0.3005804203832545
2126  -0.0006121512640376858  0.5000782431064413  0.6855367274305236
2127  -0.3033020329866122  0.3336722004814073  1.129192025943744
2128  -0.7001423450258024  0.3758185844950094  0.9075418613190245
2129  -0.4538756288828596  0.5637263655752874  0.7808269866509686
2130  -0.2645264862280766  0.2967592073634805  0.543854358301646
2131  -0.7044442360554868  0.3832366994986008  0.5527727169103627
2132  -0.1889192730839358  -0.04753711240922807  0.2214040651378582
2133  -0.2186715372891431  0.486546045829246  0.6609206668661095
2134  0.003493129776064724  -0.05055731160328947  0.5222088081944226
2135  0.36771322842938  0.04258977698641349  0.62856713381819
2136  -0.7360652298941537  0.1563729841029393  0.5733783598948301
2137  -0.04649529353434001  0.5788564289603966  0.7170003612046206
2138  -0.5710625616588096  0.4968417330649435  0.4467969555816896
2139  -0.1701157959099817  0.6151480522146203  0.7590894682687259
2140  0.09493879442186592  0.3112493285750018  0.7918056824554203
2141  -0.290400924197234  0.5518281729054517  0.3070961195440113
2142  -0.2029687480063779  -0.4167687235061556  0.2479143533386636
2143  0.2494766809535997  0.3732967140480069  0.4998746756840928
2144  0.189131201873738  0.4703140508034751  0.384568080604642
2145  -0.3315303592651575  0.225727970324731  1.172903073328496
2146  0.2104631833648873  -0.1379149456002044  0.266141453166864
2147  0.02489749763038729  0.4059840235340324  0.8286718424245473
2148  -0.7636710480807105  0.2874701618079975  1.192651934458494
2149  0.02190956473350519  -0.3046090751886368  0.1201693713665009
2150  -0.9277550876140594  0.2430273965001106  1.102378062903881
2151  -0.9310491383075714  0.247712031006813  1.139480128884315
2152  0.1239890348399104  0.355188388625837  0.532954880071344
2153  -0.2212160617220438  -0.06664325704583862  0.4692839378111578
2154  -0.2693761921128823  0.06411814924542872  0.2006881061405531
2155  -0.7708399246556756  0.2304665880911855  0.9974642437645236
2156  -0.454421192407608  0.04285238683223724  0.5371782332658768
2157  -0.573937719557573  0.3683765930789869  1.098815310003859
2158  0.1068984206653257  0.2521570650441551  0.6545657781976952
2159  -0.3038285076618195  -0.33661949634552  0.1386926174163818
2160  0.1407935843833446  0.4739082667563139  0.672264319251667
2161  -0.3056928980664556  0.465994630472904  0.961379003413267
2162  -0.1156557570598789  0.5089238272881061  0.3895233907531477
2163  -0.4027646481990814  0.7118861079216003  0.4344547986984253
2164  0.4972039870917797  0.04720421461388469  0.5875956267118454
2165  -0.7183573011283646  0.1898432063276636  1.166028772697201
2166  -0.3671108484268189  -0.2840874344110489  0.1470241546630859
2167  -0.5605362764148143  0.1770178597312408  0.3087895042194455
2168  -0.8595815598964691  0.3672117292881012  1.280210450291634
2169  0.3051252768626964  0.3890703157637408  0.6218806633595643
2170  -0.8041025124751622  0.1053145540654929  0.6196713236451327
2171  -0.1224714351526293  0.572251390017352  0.799446430820158
2172  0.3231785308956634  0.1929572060453456  0.4301423006772607
2173  -0.7328241776994171  0.2021669485138757  0.9309800292953552
2174  0.0799557582352865  0.4917665248114595  0.374593949886709
2175  -0.2738978775945186  0.2689630691664142  0.9206447594746809
2176  -0.6932713726397992  0.1201645731509306  1.124645787183685
2177  0.08100952872888234  0.1056475186904619  0.7938130269130356
2178  -0.7235485378856237  0.1462042286033055  0.9773069719230864
2179  -0.8117262423038483  0.3295764178037643  0.6272086948156357
2180  -0.6013448066115163  0.0372272578077159  0.3212649632554151
2181  0.1611180566713362  -0.1676668210981239  0.4379684303355543
2182  -0.1921202540397645  -0.2392240315675735  0.1076056659221649
2183  0.1457417073942344  0.2029187692469815  0.7690568314024071
2184  0.2177928636448512  0.007723900076152435  0.6451224952169836
2185  -0.1355415657204146  -0.1007400748841233  0.510456990222962
2186  -0.1864621303429001  0.1664625385532509  0.3750015055932426
2187  -0.7334141383516524  0.1908393589134291  0.6819198908346822
2188  -0.6374583912315348  0.2033971506746721  1.030196919006324
2189  -0.5262024843301623  0.1809280401188074  1.062559769767077
2190  0.3629791491446686  0.2572717741952851  0.6490658437747295
2191  0.02577738990171963  0.6022794823859207  0.5329618461687666
2192  -0.4826830923557281  0.3196465969085693  0.2008305788040161
2193  0.2076322326873644  0.06832935891515117  0.8069855928893146
2194  -0.6886961430582539  0.01634568741553483  0.3783947566320371
2195  -0.1824243718870873  0.0499388069719134  0.1687352589871052
2196  -0.4597551720690631  0.4026122589156639  1.271866389087999
2197  -0.2892893254756927  0.7418413758277893  0.4467850923538208
2198  -0.7638508765102956  0.2536628081684299  0.6283728729356017
2199  0.3528019768618714  -0.04363012580045795  0.6735774100191529
2200  -0.9153370977365327  0.07907735238158907  1.061862385198989
2201  0.2864125122303698  0.3569539755385374  0.3556759737690399
2202  0.3146770770258071  -0.2198798944221502  0.3419834187421609
2203  -0.04626417160034182  -0.3749017044901848  0.4023915976285934
2204  -0.05717309246779703  0.5552356139589738  0.592848805493872
2205  -0.02185718435064135  0.1510765535453787  0.5319119901827257
2206  -0.1456610983309187  0.5240613659429807  0.2855960413323138
2207  -0.4809972256727397  0.3335893888606016  0.2801436642306161
2208  0.3886597976088524  0.2968325912952423  0.7769975960254669
2209  0.08178178196685487  0.4994514190961583  0.7342607312457953
2210  -0.7534130061882396  0.2601072867832332  0.8705293788887728
2211  -0.2632307301644714  0.6825517601855625  0.6573574957776294
2212  -0.167317695012769  0.1935457707508729  0.2423175732870315
2213  0.2474343483042605  -0.01514431025458096  0.531552111224201
2214  0.215365368130662  -0.2220339400473441  0.4339082571967475
2215  -0.6689889352716216  0.3251597760909318  1.085744174768756
2216  -0.2371405904637767  -0.001508287603342396  0.1632762885380723
2217  0.007951631072468102  0.4957807200280714  0.7867811963696302
2218  -0.1969807300857712  -0.1360548728656699  0.1785710038577156
2219  -0.0662118072438499  -0.08467690660193007  0.6627014316196289
2220  -0.1149861885732245  0.3119356205440308  0.6426487226634622
2221  -0.8272090913726173  0.1412613118799688  0.8629239992161091
2222  -0.03321329729417188  0.1370957027319012  0.6838224714823525
2223  0.1556969610547791  0.2005559163373397  0.2498372468158355
2224  -0.5839196630025458  0.3500596712085843  1.007252761288921
2225  -0.2151451066332895  0.254396273683751  0.7800303376605651
2226  -0.7761067110883308  0.2396399348770181  1.139532813996607
2227  -0.575567564623497  -0.09760700715948081  0.31714452985481
2228  0.1196915367404844  0.3182445444340483  0.2946928531873927
2229  -0.121571075370895  0.1780090867167253  0.7625403489068637
2230  -0.2620013654232026  -0.3974305093288422  0.1454118490219116
2231  -0.03665975871980123  -0.4326610508312824  0.248666254933416
2232  -0.3226853907108307  0.4845774173736572  0.2014337480068207
2233  -0.6467071669141575  0.2995619900298813  1.198801910275812
2234  -0.2443025310161997  0.136614529028675  0.2205441301818104
2235  -0.7595554554817208  0.319357945864877  0.9119453457316513
2236  -0.143319050816453  -0.4037068169322676  0.2939235767635008
2237  -0.431139724430643  0.6176276136446993  0.5809228297296185
2238  -0.5636135048400628  0.2963182137348002  0.3545652189376417
2239  -0.1675435116939913  -0.3293226605945801  0.3177301464778548
2240  0.03338685586963258  -0.3884768996418541  0.2979405896213377
2241  -0.9734710156917572  0.151814192533493  1.172739461064339
2242  -0.5663087775567051  0.2256064553867469  0.8637327692773847
2243  -0.3012835091290559  0.4958126524793884  0.8347601453487014
2244  -0.7351333706170979  0.1516038475346944  0.8064131873162619
2245  -0.4222774313517385  0.4253034231269636  1.34772157055535
2246  -0.1568520246489912  -0.1648291774823408  0.3843060235542056
2247  0.1149113392950125  -0.4270574056801111  0.288624501773612
2248  -0.6023728884591752  0.1253012486117935  0.2849423566610717
2249  0.06626884639263153  0.6639405488967896  0.5698749274015427
2250  0.2851309590593747  0.2202158843883563  0.6435986973490141
2251  -0.5408733379731321  0.4296773535158526  1.286373333690913
2252  0.2816955125173728  -0.1299024946081569  0.3736338258765885
2253  0.2897590798429587  0.0424508329109563  0.584144541255588
2254  -0.1085379421710968  0.3357488214969635  1.13105346634984
2255  -0.6564902121168645  0.1483781309786862  0.5482227046252544
2256  -0.4115434288978577  0.2233090400695801  0.1477428376674652
2257  -0.7335917208722282  0.124225205146834  0.6430638074149267
2258  -0.4026112111754471  0.5731698934207072  0.3682273612134875
2259  -0.7433097744525019  0.2033657937925304  0.4499357462100941
2260  0.02378620158072348  0.2728905206304325  0.2498843045281099
2261  0.3611761900970742  0.2739085292784768  0.4670599547868413
2262  -0.4671644568443298  -0.07733576744794846  0.146514892578125
2263  -0.6323724611533965  0.1179149522155676  1.052711894577609
2264  -0.6602778620435816  0.1840180152584416  1.090950745312091
2265  -0.1184519231319428  -0.01659302040934563  0.09377372264862061
2266  -0.1902939677238465  -0.04981352761387825  0.09294417500495911
2267  -0.2274482846260071  -0.05499390047043562  0.0955348014831543
2268  0.1628376901813126  0.4912540102651736  0.7218613292269314
2269  -0.1853505493722723  -0.2824717788686787  0.206246321312566
2270  -0.39037382869816  0.2341984791801678  0.2459104246436808
2271  -0.6977240145206451  0.4530384242534637  1.339150860905647
2272  -0.4754815162931647  0.313656738913374  0.9054578832445386
2273  -0.1488309693265719  0.6300499080092046  0.6815698492301991
2274  -0.8074745032574075  0.1839608193323076  0.6790019348831359
2275  -0.212876901209112  -0.07902622188777168  0.5376648077325522
2276  0.2940065336211755  0.002064708219010926  0.7377355905744459
2277  0.4004708975553513  0.3148838728666306  0.3717164695262908
2278  0.4256848990917206  0.04406918864697218  0.3329630494117736
2279  -0.3678974403645126  0.4893745584337832  1.374160218780577
2280  -0.07929444592566517  0.09442842587810706  0.3268227579392498
2281  -0.279085797057541  0.441411657384839  1.056301402930436
2282  -0.8632355955353213  0.23612447938152  1.108060285788536
2283  -0.2014079904675449  0.2146865225817365  0.9566775506561704
2284  -0.4767199905262087  0.5769518247713294  0.3932354925883865
2285  -0.8443151157198643  0.2513015888323231  1.186652035926028
2286  0.06193761527538294  0.1520409397780895  0.1238539218902588
2287  0.04069652285264275  0.1412515517836993  0.1193889348750985
2288  0.008277495169727922  0.07429789759097639  0.1103649832451525
2289  0.008030916525337106  0.260678781080914  0.1777881933158996
2290  -0.1119013726711273  0.7112812995910645  0.3924886584281921
2291  -0.2253557949448699  0.2795691421765214  0.9952822777455755
2292  -0.7530916518557615  0.2363361249942519  0.772036352166386
2293  -0.05907524148097112  0.1711387446883806  0.2005403708505984
2294  0.3336141603481768  -0.07895885495314638  0.4411947660380917
2295  0.02173502743244166  -0.1070752292871475  0.1075887382030487
2296  -0.1886415848435131  0.5051467625847854  0.5348057516738904
2297  -0.4675780971391446  0.3578002486529085  0.6591096241670458
2298  0.2054671847209808  0.1077864801559715  0.4211512528192233
2299  0.4137355909346934  -0.0184199156435555  0.4631819793292309
2300  -0.2793495233080011  0.5599593854502947  0.7926923950424893
2301  -0.3532115519046784  -0.1476157456636429  0.1206088662147522
2302  -0.3248212854284266  0.2005441089835032  0.8088036942152118
2303  -0.4363185979815696  0.4783173077401245  0.6449339460825967
2304  -0.1993576127308122  0.6649217702148116  0.6546208638779518
2305  -0.351784540283719  0.2655767520593024  0.3405329477268006
2306  -0.3113843005050096  -0.1711305610495615  0.2881887901218446
2307  -0.8135892976358177  0.02721394489898954  0.7555254387999113
2308  -0.5373883175887861  0.5887064444354483  0.4837290962681116
2309  -0.1506000735545646  0.1264431206285845  0.9433697277110019
2310  -0.2504021530576483  0.5464778734027215  0.7223747897125777
2311  -0.3848683320117174  0.3803038490878503  1.295535705336376
2312  0.2912905812263489  0.4581761509180069  0.7042139321565628
2313  0.09428018656339343  0.370706064527432  0.6642898852094271
2314  -0.1431130416576671  0.1552029860838056  0.8647555491495105
2315  -0.6874198615550995  0.2726413905620575  0.3303014934062958
2316  -0.0751751976826476  -0.3961798793207427  0.3237402573036939
2317  -0.08372216339000418  0.6037874211867909  0.5037017962071771
2318  -0.7699927389621735  0.2709558308124542  1.329527050256729
2319  -0.6504764896142736  0.3892086138150024  1.040321447978161
2320  -0.5622042243224681  0.5791929846337471  0.6205493043877474
2321  -0.4057675730580996  0.4558951098070887  0.334945395997103
2322  -0.6276381360020522  -0.09500814826086107  0.2777122877996289
2323  0.412183793079363  -0.1430354578216415  0.4412955433549983
2324  -0.3564630403817305  0.2243470385791555  0.5630432035678736
2325  -0.5283277554257846  0.5089116167200435  0.8637487278206554
2326  -0.6363359900495298  0.1824687494564092  0.6636024904459404
2327  -0.008402665612184529  -0.1841885607095978  0.2709217217746505
2328  -0.2931974153610574  -0.2872046198329773  0.1827140430346198
2329  -0.8321269404959093  0.2883412273342503  1.247147290854776
2330  -0.4975858783318599  0.4590485824778523  0.7303548185143928
2331  0.1467911927482095  0.125497074929833  0.7824876587196328
2332  -0.03979976998966483  0.4215999465232538  0.6426844446454048
2333  -0.02757804471378203  -0.2573432838550754  0.259536642987212
2334  -0.5997557501219486  0.2939756169156461  1.129275319928852
2335  -0.4894672433061704  0.2226705021043285  0.5411993902047734
2336  0.03090552775394717  0.5740390670284484  0.6351338743522591
2337  -0.007954215796613595  0.6073216921088681  0.6845434192557227
2338  0.1185676674363948  0.1314817383049848  0.137372055499104
2339  -0.2286109663399151  0.600479043522674  0.4212560933525061
2340  -0.5161640637409264  0.4104939934346375  1.001888899598742
2341  -0.7310153610869727  0.3114482626369187  1.131312082506291
2342  0.1130156301152178  0.434006413487701  0.5747529777394038
2343  0.4187947511672974  0.1355107091367245  0.7860777378082275
2344  -0.3343011140823364  0.7124011218547821  0.7197946757078171
2345  -0.0214147789671453  0.5308756179833455  0.3186712885484545
2346  -0.3034407651825749  0.479292470620222  1.327156738724413
2347  -0.1840178072452545  0.741935521364212  0.4455101490020752
2348  -0.1869837045669556  -0.1180857941508293  0.6515341699123383
2349  -0.2118820987720796  -0.1009811217835674  0.6443566241457871
2350  0.05366282421467211  0.223372955627743  0.2006233252564846
2351  -0.3035952398001627  0.3420160903506781  0.42623478944184
2352  -0.2764977514782864  0.1921331673719286  0.9559906279150217
2353  -0.5014782116518048  0.2142907308550876  1.163729521395348
2354  -0.1201207553389872  -0.3546736085451478  0.3072418681628664
2355  -0.6547269523143768  0.4992134124040604  0.8414687812328339
2356  0.09247485624222773  -0.337704879352162  0.3537397301615368
2357  -0.1840056387415763  0.03715193017268159  0.3622806998902449
2358  0.08978725744187643  0.07124299748125912  0.5045336704348837
2359  0.1894231675353606  -0.4292788140965747  0.3137019380902357
2360  -0.4368272721767426  -0.04125498235225677  0.4586107432842255
2361  -0.06892845333257802  0.07476009561084586  0.7926654611766661
2362  -0.4945150263286011  0.4212726595367108  1.36723353978603
2363  -0.4378008328911211  0.5541174280200085  0.6166721701659459
2364  -0.5297346112123456  0.2514263589850645  0.2927145618890806
2365  -0.6561164114562721  0.1930474825869007  0.9598946781940072
2366  -0.4904790871817091  0.4306972282204561  1.078766895464708
2367  -0.3795124995621919  0.3037244177100242  1.21594619533814
2368  0.3611114802610719  0.1674674322230132  0.552096148677919
2369  -0.4808866679668427  -0.3475544601678848  0.2001517713069916
2370  0.18089304051711  0.3626269893328797  0.273831383356453
2371  -0.3219899074345514  0.403003157856073  0.2582101805159245
2372  -0.240414870371488  -0.121661311402558  0.3952172834647829
2373  -0.4195206657723959  0.5424289679505937  0.5034924173087726
2374  -0.1409195029582158  0.2801733633481226  0.8490013702301544
2375  -0.352197047822716  0.3365341535813051  0.2248053561601627
2376  0.161077280273958  0.3711209884771667  0.4677488025942355
2377  -0.3439798951148987  -0.3908528089523315  0.2728100419044495
2378  -0.3055835068225861  0.4362037628889084  0.1756580770015717
2379  0.09935665130615229  -0.4691672176122665  0.3397712111473083
2380  0.3335726317064845  0.3606022264007706  0.4701012740719164
2381  -0.3478600677323401  -0.04771141595298415  0.1966308851252899
2382  -0.8095712584957784  0.09849554116019207  0.973699237061182
2383  0.1348438770874988  0.3084310586096364  0.7114965719130429
2384  -0.3973497513860734  0.5103952182023037  0.8833334266682881
2385  0.3450786290220127  0.08475794826948169  0.5733489640982444
2386  -0.3587775712969957  -0.07660499773501799  0.3088398476533988
2387  0.1716303089387561  0.3334044559334414  0.3719027024278277
2388  -0.8785987573828957  0.1882472192251723  0.7639845169738256
2389  0.4249607632473574  0.0199756574949457  0.5784108058788331
2390  -0.5492019445863743  0.2728039061896078  0.6375039577333848
2391  0.1356825366797996  -0.1702905885619909  0.5210326824387079
2392  0.142057888809911  0.5241555652010155  0.4266054849663231
2393  -0.242721974849701  -0.1925970911979675  0.1071546673774719
2394  -0.07061806577854193  -0.0268981060321621  0.1802809373454599
2395  0.4121887588968329  0.09570212447910249  0.7122752008486993
2396  -0.3636246464888465  0.1273032551336781  0.526328000965421
2397  0.3476289069785039  0.3423494503447121  0.6418569984180653
2398  -0.1059226118064878  -0.4859321760986748  0.2221557387573863
2399  0.4128127029537385  0.2289292720592441  0.5250348589193277
2400  -0.1476437728319786  0.1346852355337837  1.069730580914748
2401  0.05068364255075425  0.5351292491063697  0.2911993995649563
2402  -0.2546542681807068  0.6830787138257493  0.4420535243237893
2403  0.4413486133313007  0.1420843221515558  0.3598188127840706
2404  -0.7686453008580469  0.09748584048502859  0.4867153424711726
2405  -0.4231570727261202  0.3079340237544314  0.2389082689536012
2406  -0.6123298704624176  -0.1907440200448036  0.3651174008846283
2407  -0.2350364580860476  -0.3507310416969848  0.2118745560712355
2408  -0.1811130781700402  0.5505012671318811  0.6862629633686032
2409  0.2958976620908156  -0.290028173608758  0.3411870553153951
2410  0.2633295836114433  -0.3544462980124317  0.3721083137970826
2411  -0.1289581954479218  0.6111288964748383  0.255946934223175
2412  -0.1428812451772694  0.5754778853475164  0.2276367714862961
2413  -0.1663313122585905  0.5303023996685875  0.2038455495440623
2414  -0.0233006477355957  0.523067981004715  0.860094778239727
2415  -0.7712943849282283  0.1233187477032384  0.9163054345221704
2416  -0.6199648082256317  0.4769001007080078  1.217921264469624
2417  -0.6673425544572149  0.2292626694330662  0.8732873466603726
2418  -0.05635122806173964  0.5159239352143296  0.6497021605107767
2419  -0.3033712987847563  0.2461469351599947  0.6754638463379112
2420  -0.7643341720104218  0.4196426421403885  0.5878977477550507
2421  -0.4018673270489251  0.4987923278703649  0.3967430513863776
2422  -0.5328983962535858  0.6422508955001831  0.7127497494220734
2423  -0.4962963633897564  0.6606164938259185  0.7169515310822664
2424  0.3585279881954193  -0.05457371100783348  0.2636306881904602
2425  -0.07327623726359314  0.3225044352828448  0.3818272774544075
2426  0.1728342944170163  0.5031408916328037  0.5699447510397284
2427  0.1039605874800781  0.5600157347364627  0.6697894626446915
2428  0.1919372649751023  0.03773727738985458  0.5070993805365502
2429  0.4676164127886295  0.2515776008367538  0.5883318036794662
2430  -0.561615538737849  0.4258856255500677  1.200999086138268
2431  0.06872377890947556  0.00875908782905882  0.7149076459865937
2432  -0.454520507723549  0.4745253419647023  0.4713787451538863
2433  -0.6329530374907522  0.2077654796552432  0.3219351023561171
2434  -0.3072144389152527  0.6063755750656128  0.2597790062427521
2435  -0.310455724006211  0.5538083451588386  0.231370361136112
2436  -0.08268366514437364  0.02457426419658381  0.6532745912755565
2437  -0.2871349541180206  0.4313381594037655  0.3807600629066392
2438  0.4900906929509394  0.07459409044411285  0.4818460904798422
2439  0.4768687896430492  0.1141503714025021  0.4392586350440978
2440  0.4859585799276829  0.09627375379204747  0.4636054933071136
2441  -0.04888832909898225  -0.1724636770344814  0.4554760511855395
2442  0.0882225257855303  0.412726904300116  0.3866541326475917
2443  -0.5091368846382196  0.6064235904447873  0.5657730886700031
2444  -0.1105133887052104  -0.06065228175539272  0.4098596554858754
2445  0.07315242899089125  0.3759409318649573  0.4601169899718944
2446  -0.270533029051131  -0.199592159465764  0.1775786139237978
2447  -0.001926474264433514  0.1091933684471122  0.199697845447994
2448  -0.06840573246207884  0.04206721845160132  0.4812465039409295
2449  -0.7448049078735  0.2856554314582005  0.9648366489645805
2450  -0.8001516808910998  0.2175162703887996  0.8253754113212014
2451  -0.6559348198352475  0.313939761152155  1.282227425852982
2452  -0.2406567449252078  0.4069771208391262  0.9764147276871102
2453  -0.182483103629554  0.5282498740469735  0.6061075185214621
2454  -0.3831431297269684  0.009042289500960582  0.3702835744888341
2455  0.04046013573525298  0.2770199855961961  0.373463567953626
2456  -0.7111558358592012  0.2044812101764967  1.031931480863168
2457  -0.261847288647895  -0.1269176421722431  0.1508448645915712
2458  -0.05518060922622683  -0.414561539888382  0.1450225114822388
2459  -0.1298694513037747  0.1106632166714483  0.4139081315702713
2460  -0.5264432198787365  -0.0384445609839213  0.3556954558894154
2461  -0.3455252579106561  0.1755578465756087  0.2915524097055743
2462  -0.5163597166538239  0.5526488125324249  0.9379331544041634
2463  0.0004729400555841534  0.1037216094747096  0.2877587101332263
2464  -0.3327645119264701  0.5705760583101092  0.8765881469413966
2465  -0.03037005865657105  -0.03001704637912878  0.7538321096500111
2466  -0.428492497677331  0.2946759637861009  0.8418786359932661
2467  -0.2462910657107347  -0.2558757943730366  0.246883307773625
2468  -0.2161451808368123  0.5940022002497973  0.5663127461493049
2469  -0.4032227993011475  0.5962920188903809  0.2847202718257904
2470  -0.927294539594401  0.08306888910332064  1.129593603230274
2471  -0.255764484596296  0.3028428947255558  0.3408433652775315
2472  0.4068819374461931  -0.1694752529526802  0.56337441776699
2473  -0.343001667049612  0.3825486349425377  1.071770435460857
2474  -0.1234149235078793  0.05695549401474143  0.8307402209977021
2475  -0.4131221661604575  0.636881790851241  0.4587242344178682
2476  -0.4489399656552875  0.3301969251369727  1.251989080857958
2477  0.006642594933509771  0.03865048568695784  0.1094440519809723
2478  -0.1689184618383472  0.5835345293226218  0.3181052124562326
2479  -0.216967001675157  0.3374963588177435  0.9283375031239625
2480  -0.2401070181493706  0.1843620899868169  0.720122504301156
2481  0.2301078495359505  0.1012014394157547  0.6860036248894531
2482  -0.4534893333911896  0.6430778801441193  0.7947927117347717
2483  -0.3783499364753845  0.5775307140002723  0.7577376758149679
2484  0.1999385207891464  0.4345382526516914  0.8374641388654709
2485  -0.07578672400395894  0.6658946516007336  0.5746612472507775
2486  0.2255895035311298  0.2944328037596831  0.8049543844886067
2487  0.09879165084270281  0.1438993226956859  0.3671384577062154
2488  0.1379322707653045  -0.2237856313586235  0.1462121307849884
2489  -0.1017233617137553  -0.1206218042065581  0.5920117803389952
2490  0.1288100449978981  -0.2411232268462119  0.4390695265353575
2491  -0.4151631369630017  0.1990461207268249  1.171666437704324
2492  -0.6666194502104359  0.3706120348568017  0.6637808447717694
2493  -0.05642014741897586  -0.4956262409687042  0.1716324687004089
2494  -0.3200802763061987  0.4478123977826138  1.128038175476203
2495  0.03040767337092654  0.04634724551250017  0.6116044121067791
2496  -0.4456881136031983  0.3497346647354404  1.321987039620989
2497  0.1430429928893204  -0.06694697872072927  0.5800249462156891
2498  -0.6494202315807343  0.2568939328193665  1.323057346045971
2499  -0.4886352323817951  -0.04448663923368235  0.2237687797239114
2500  -0.2392326787404902  -0.3178484934472811  0.2689693565656002
2501  0.03566295036645584  -0.1967728278200582  0.475624538555662
2502  0.369166407822699  -0.002628471010191512  0.7385145674741065
2503  -0.2297938888000798  0.4988031658046346  0.2495171347832431
2504  -0.5816844170001467  0.1538293532383183  0.4545030727779622
2505  -0.01201003486434685  -0.02445710243926883  0.4321804299240123
2506  0.4475294537842274  0.2918740808963776  0.5942810028791428
2507  -0.6245692324058276  0.1974398460987429  0.4842124014139968
2508  -0.8007179796695709  0.3820680379867554  1.084018406458199
2509  -0.7881415537054968  0.3726755738834248  1.052052316056589
2510  -0.1615431610277435  0.3913951405096391  0.7362565421733611
2511  -0.7945003276898228  0.1962381618037831  0.6005082615911731
2512  0.1790452345282894  -0.3048424391084465  0.3785518863518818
2513  -0.5792630686213169  0.5308987372556051  0.9024866905931908
2514  0.1450310029020494  0.2084111146190832  0.5108170799506951
2515  -0.6918327510356903  0.08791883662343025  0.2844600975513458
2516  -0.5607287089525528  0.2663140797180225  1.256005422280851
2517  -0.3329867265258329  0.3368037850390206  0.5292145192842814
2518  -0.5310149732481166  0.5683144157338158  0.6890288084060819
2519  -0.2462326706825184  0.6959909443894097  0.5164796745049025
2520  -0.5661048502960717  0.1294575026206123  1.064643385320223
2521  -0.2540786827547917  0.4739491072357218  0.9974608598313706
2522  0.2718810140508782  -0.06069627517879364  0.6844508870556107
2523  0.1734459676425915  0.3653227381756319  0.8099105674363825
2524  -0.6654666637927731  0.2447309544700109  0.4229506937929522
2525  -0.5947026392861674  0.5086053156362776  0.761516791493668
2526  -0.01923700393680572  0.2674059907487792  0.7826752900746942
2527  0.3954141339484047  0.2700384095347191  0.5747850446207483
2528  0.3197672516107559  0.1463995240628719  0.8586947247385979
2529  -0.05028594511142173  -0.4983988441589221  0.2537184378068841
2530  0.03405021049128343  -0.05241377772784139  0.6280876039282954
2531  -0.7271184268289426  0.1941971484866166  0.8408053562800806
2532  -0.01721003293403423  -0.03885299479891574  0.8421475411539148
2533  -0.493045010430132  0.6228832614780281  0.6487091555833376
2534  -0.3288136050435677  0.3345619862302155  0.3065200807482855
2535  -0.3551168155189642  0.2652396457330105  0.4125934498880753
2536  -0.3829251290066394  -0.05818814018594341  0.3829236949946898
2537  -0.1039953806183826  0.2139307980491171  0.8522179795815965
2538  -0.730896760087024  0.2887435247001992  1.036790693695972
2539  -0.3842658702108547  -0.1551516378044495  0.2299916975121552
2540  -0.6294342008057807  0.292791585382732  0.8505286501399336
2541  -0.5800088404320862  0.2485675585192084  0.7447536284930748
2542  0.02555292844772339  0.6650191247463226  0.389906257390976
2543  0.3623576944874208  0.1487022811232982  0.3411334770886216
2544  -0.3695392902490783  0.3004261396170348  1.099859694480232
2545  -0.4729768799256471  0.1996102710322104  0.4304064237741684
2546  -0.1410414095195379  -0.04170580025509931  0.6941289731836471
2547  -0.666626838899772  0.404791490463971  0.4496072822913384
2548  -0.2928297111626296  0.632004907003441  0.7231373878192907
2549  -0.6544696952896838  0.4134158031581602  1.149151062016228
2550  0.2750775814056396  0.3830166608095169  0.833780862390995
2551  0.03605334771959012  0.3549500567151207  0.4002721166953599
2552  0.06027239689956299  0.2480664622866932  0.7452380686261917
2553  0.004269208496841065  0.17201736868791  0.413085716388245
2554  -0.5901293904985074  0.4305818680776674  0.9839075225463529
2555  0.371361993253231  -0.1880443766713142  0.290204256772995
2556  0.3021332121345692  -0.01627849791548633  0.47210683298343
2557  0.2876316252535125  0.02139542704788929  0.6597896633980138
2558  -0.2161377973943286  0.2641475920366581  0.4487609791622014
2559  0.2729151546955109  0.1383831109851599  0.2056251168251038
2560  0.2065740036642006  0.1755820053373366  0.1751223048771924
2561  0.2234209382372822  0.1046283071266904  0.1759249340099844
2562  0.1740377795056919  0.05227266614691996  0.1525081965966941
2563  0.2565915137529373  0.08602885995060205  0.1911763399839401
2564  0.3170144244097755  0.1302482561818045  0.2344094742922425
2565  0.2858379781246185  -0.1097223311662674  0.2095692753791809
2566  -0.523346884703356  0.2875495842815438  0.4885472196547294
2567  -0.224552903298619  0.1465497743391521  0.9885584487232056
2568  -0.5030892718226405  0.2909316197296015  1.118310297110278
2569  -0.09139894452019673  0.512318105478658  0.5092236207886908
2570  0.2884081105360012  -0.2682298534189092  0.4699614708600879
2571  -0.1590644753572773  0.2401913078507645  1.086727579911439
2572  -0.5874666296899891  0.1106561670641301  0.7002210775291762
2573  -0.08990021231302447  0.1960909608501956  0.6724209489302584
2574  0.2709597419327439  -0.04161660071330766  0.3077173747889682
2575  0.1635856280914286  0.2345777902244409  0.849302717786058
2576  -0.3081546842019719  -0.0854874760070089  0.3807446383947152
2577  -0.6887087192361177  0.238052404884242  1.211896979088356
2578  -0.3376375205221339  0.6688885966160782  0.5611489879699113
2579  -0.1099757327302283  0.03241533855260509  0.1615765802458592
2580  -0.5427308282558552  0.3140226490066097  1.07151982542137
2581  -0.2217859327793122  0.08409867994487286  0.09882460534572601
2582  0.2817269203549163  -0.208126929020091  0.3963511798867453
2583  0.3475140108394946  -0.07208347870837838  0.3545018205418505
2584  -0.3156504944022465  -0.02229448296276445  0.4133487336243434
2585  -0.008430787927825506  0.06699531042424886  0.5305311763709236
2586  -0.6583365499973297  0.4630431979894638  1.145468335598707
2587  -0.7936923362190331  0.2837843816323609  0.7415035786286384
2588  -0.6563890916478035  0.338634439426804  1.147255087521179
2589  -0.2873084320818103  -0.05363508270575069  0.1601881698865339
2590  -0.5582294241473562  0.1908454730208461  1.225957853235517
2591  -0.8875086253237892  0.2102679810031529  1.205197469435289
2592  -0.3204071932615632  0.3992388786359483  0.9860310527187167
2593  -0.7297906652431987  0.3337302528986229  0.6168749787297443
2594  0.1212189092663354  0.5755557697381249  0.583335494246231
2595  -0.7761008441448212  0.3814612030982971  0.7692390307784081
2596  0.4179756476266385  -0.06429179768119173  0.4054739254342533
2597  -0.05946691492007242  -0.1591173342215707  0.3674533657569139
2598  -0.01612811490388691  0.6585541408529869  0.5110596652038856
2599  0.1324453316679118  -0.1913024700783767  0.3672264487360302
2600  0.2372342028964713  0.3698420386025131  0.7682518276430528
2601  0.0001943758623061953  0.289756851683964  0.6530478018875296
2602  -0.1292945526717859  0.2935043644383261  0.753463071332347
2603  0.3306975290179253  0.4433276653289795  0.6603059619665146
2604  -0.4888900646416225  0.2156801705251996  0.698133370315924
2605  0.002936827095381789  0.1617279718515944  0.8004492980632115
2606  -0.07637857479163923  0.4012040773979392  0.7745765344943791
2607  -0.3427426945026134  0.3610235069656595  0.8818986320307799
2608  0.220601119485732  -0.1725438905463783  0.5031485186927944
2609  0.1033117897591643  -0.2058753235234828  0.4826307937775091
2610  -0.5604206120308037  0.1793778666002685  0.685321405204191
2611  -0.1874167117172298  0.1621770870581683  0.7359863120741625
2612  -0.3360152838854212  0.3469059466945429  0.7870777573308053
2613  -0.4784003794193268  -0.149704571813345  0.3724067807197571
2614  -0.623213102967638  0.4315520951988789  1.270566460873351
2615  -0.3099407461106772  -0.3653616184595119  0.2189109883516833
2616  -0.3814136022726458  0.2779037089946879  1.015535526948714
2617  -0.4141147468245389  0.4648113054530447  1.098273654555372
2618  0.2225686486814989  -0.1694043750290883  0.412376156792944
2619  -0.591707954251389  -0.1730092977252439  0.2955152359766087
2620  -0.3309076130390167  0.5488537847995758  1.030104900710285
2621  -0.3573646229310499  0.5463988625065384  1.036369968363867
2622  -0.302113878110015  0.5448423894221107  1.018416424993146
2623  -0.6385186612606049  0.2359099686145782  0.2719336748123169
2624  -0.3441462827654  0.4778040759612539  0.2877860004437232
2625  -0.3062457891827155  -0.05099957824839316  0.2589316568949529
2626  -0.1873266474674233  -0.1016049839365776  0.2982626726264742
2627  0.07685653603428089  -0.01575591399682938  0.5702656840409253
2628  -0.07267920918432358  0.1444834434109501  0.8151886495359943
2629  0.1594868013818744  0.04612648831819866  0.5960968435205823
2630  0.1045131408143138  0.0114480064196387  0.6352587436233609
2631  0.4440945069059781  0.0772251401312687  0.5308801026478975
2632  -0.005424902169632762  -0.01895735482066199  0.6761446488680021
2633  0.1442251952376664  0.3878515294643153  0.3438570984277437
2634  -0.09101731951736561  0.09014336598893956  0.2346562036096667
2635  -0.1153618097305298  -0.09606894105672836  0.09518176317214966
2636  0.03423828153536546  0.2627651679038906  0.516577457370859
2637  -0.3053940065390126  0.3311174281291412  0.8361433838946531
2638  -0.5848516523838043  0.5677818357944489  0.803302951157093
2639  -0.5825019180774689  0.5941126346588135  0.7540099024772644
2640  0.04588620124171605  0.4678915362132426  0.4967372885224013
2641  0.004936560369063286  0.1748381191922261  0.1823477472141114
2642  0.06262046834213258  0.3332595157280945  0.2295088138776665
2643  0.1233707728622145  0.1055093860819383  0.2728261478253806
2644  -0.6486265776282245  0.3983802772278437  1.368400931675095
2645  0.01055660679299786  -0.00971001493249244  0.5808005109422422
2646  -0.1688389332733395  0.01877223826963278  0.651122570451066
2647  -0.2189208885887366  0.6378127140940134  0.7167911049333401
2648  -0.3664275109767914  -0.05370049271732569  0.4832959175109863
2649  -0.8566423952579498  0.3600009828805923  1.153427193872631
2650  -0.8841413557529449  0.3219078034162521  1.132001816295087
2651  -0.1561700151622472  -0.2606186919224506  0.2685283053170255
2652  0.06596710413079176  -0.2700862070025657  0.3953439786950835
2653  -0.2134604779369996  -0.0335902160941635  0.6090143459967714
2654  -0.04051196933585346  -0.3482055046226868  0.2770525134463196
2655  -0.5501844419003832  0.4374406647333576  0.3670570399950727
2656  -0.007384867209999452  -0.1382555218461654  0.5828414274364607
2657  -0.6611261958368584  0.2602092126719155  1.134622952555507
2658  -0.8143100012711131  0.2124882650771657  0.755132171818786
2659  -0.1495408787584941  -0.1873064661950559  0.4694745061650857
2660  -0.05198988318443301  -0.2698331698775291  0.5252854377031326
2661  -0.08672952534992043  -0.2638109085813773  0.5301224369069875
2662  -0.007285557147043958  0.6080821236902264  0.4817685324877747
2663  0.1539806574583053  -0.09864657558500767  0.1434718072414398
2664  -0.2766074990132052  0.2441544236102662  0.7495823038974406
2665  -0.5651399199195541  0.3077198109818055  0.2416443388242023
2666  0.4327770434512053  0.07073642394761613  0.6602331318132424
2667  -0.7034474911821309  0.3162479079245332  0.4931230303913162
2668  -0.6015643171591636  0.2324283609758248  0.5623523692122351
2669  -0.2542472997299389  -0.2154823793777694  0.3137491433660815
2670  -0.9188076555728912  0.09807121567428112  0.8322699889540672
2671  0.136181783613869  -0.03424742940709852  0.2049244406033831
2672  0.05705874468644923  0.1622983217968991  0.6598933639397521
2673  -0.0384108375610214  0.4756784344271581  0.5660840800034639
2674  -0.05832730936565322  0.4684551693437894  0.8310353517837206
2675  0.1072816196239739  0.1880829365035834  0.7101997612805621
2676  0.09601152204888003  -0.05001562634907004  0.6171319800308044
2677  0.02699379622936243  -0.379925325512886  0.1442533433437347
2678  0.4795459657907486  0.1594937220215797  0.6430668830871582
2679  -0.3863322590071767  0.2176470888408097  0.3055624920087348
2680  0.02912700903664023  0.5495906730803336  0.7301158644245755
2681  -0.35016514205342  0.3988370419264564  0.3469674533646093
2682  -0.3451265588300464  0.33843514634823  1.018015844388927
2683  -0.3466910272014631  -0.1129865701386531  0.2579858000973574
2684  -0.2425317543997337  0.3995748490750926  0.5115393688270761
2685  0.264646037577696  0.04693961738683181  0.3285801240243759
2686  -0.6918474497531291  0.1146608014793797  0.3637110317411294
2687  0.3432031531022124  0.2097709044468818  0.6772862298946953
2688  -0.7573410980131914  0.3629389095304065  1.201300395778506
2689  -0.6397386778563288  0.3207086106994447  0.3786466486720023
2690  0.03582551951566793  0.420695564451209  0.6331084049709707
2691  -0.5754242007888513  0.4950420455189097  0.8378994327299817
2692  -0.1790365881102716  0.6976980080764578  0.4925624666471642
2693  -0.05610828843056695  0.6137673014857328  0.3720419472157259
2694  -0.2762006537159094  0.3333753419077167  0.9671684762680308
2695  0.3180350735783577  0.4619249552488327  0.4341526925563812
2696  -0.2063179222939415  0.5936146741079332  0.82108084614899
2697  -0.04708350817530718  -0.3009437988089648  0.3205677843743671
2698  -0.2299231469778243  0.3063643977312972  0.8517510789209997
2699  0.03743161906936171  0.1975042649852279  0.3357405346209335
2700  0.2961018743670909  0.2034459505485254  0.7932644849072795
2701  -0.3257258236408234  -0.2017602398991585  0.1202829927206039
2702  -0.5460227009424636  0.4753522572165697  0.9554762976458914
2703  -0.6900102453060184  0.1307808966404049  0.8840643667496313
2704  0.2323598850150639  0.2195575832952018  0.8480079370075616
2705  -0.6082599494401613  0.3723588703275409  0.9236671818290781
2706  -0.7036222374052357  0.3112290041777472  0.6757136563566831
2707  0.2368347831627408  0.1967050674801009  0.5099196534713704
2708  -0.6695903433942347  0.4373456581263183  0.5196883129640343
2709  -0.4193534095809566  -0.05040690523546697  0.186426540982116
2710  -0.4222838618139695  0.3603428598401247  1.062857898837808
2711  -0.1945784538984299  -0.2941913232207298  0.1142323911190033
2712  -0.2979667763922617  0.2220999993560481  0.3220982752294475
2713  -0.4614560124830867  0.4867084928762021  1.046440705670795
2714  0.3274391498631544  -0.009234557926717056  0.3040092503383193
2715  -0.1958759896300713  -0.2156109887086201  0.1879723980377377
2716  0.3979510780848159  -0.09166187597853524  0.628686269012673
2717  -0.486155637213989  0.1559784408704699  0.840663334378898
2718  0.1685852099488208  -0.03618028136668294  0.7174028993986504
2719  -0.0178429461601799  0.3383555724746222  0.816934018500186
2720  -0.0603448042369881  -0.1268895562366719  0.5267396053277191
2721  -0.5317513674821788  0.2052351150903231  0.6226983448801151
2722  -0.5378346001673955  0.1182858342183729  1.145943790577062
2723  0.2324650750301117  0.371389389585564  0.4153226227521423
2724  0.2380946587644299  0.3399714346119617  0.8261400308282425
2725  0.01439843731839563  0.5357291926238877  0.3861127178737316
2726  0.05137733210355294  0.05983778599255401  0.2543197411462266
2727  -0.2973708680631104  0.08587067429319421  0.3299632459271743
2728  -0.5898288190364838  0.615969717502594  0.6836877018213272
2729  -0.6841769889040779  0.3264566723200297  0.4223135522345404
2730  -0.3822241807957776  0.3997488102846851  0.2866276075164702
2731  -0.3749047168348566  0.5135631683314408  0.6558545503651956
2732  -0.189662054181099  -0.1842567399144173  0.1009789407253265
2733  0.2879971885182993  0.1023767931798901  0.4374561297107952
2734  -0.4965130930360895  0.2510128288328435  1.042640835264329
2735  -0.4560626127118415  0.5036008952789024  0.926953294570256
2736  0.139145903771781  0.03046759651796993  0.8391705516070501
2737  -0.7015472953525885  0.3119848053000009  1.201115554995397
2738  -0.37649401724149  0.1120769016876889  0.3514818382312981
2739  0.1706763349934623  0.3979311120597641  0.645824476659757
2740  0.3503557969330874  0.05902001926583501  0.4541127350058046
2741  -0.1514824311062887  0.2457734524997411  0.3584387850831863
2742  -0.7046869052116473  0.3849459245281352  1.095774247853426
2743  -0.1994847919456838  0.1763690503033232  0.7989865090065201
2744  0.4081401013295411  0.1573672083744785  0.4293613441012041
2745  0.1433422061414932  0.04819145247259016  0.7526656529377518
2746  -0.6747775742903841  -0.03243676428616355  0.3417196523387614
2747  -0.3326393850505667  0.2304660628882587  0.1843010237010319
2748  0.2062413892145911  -0.09113152791623808  0.3570931624437909
2749  -0.1316612742816015  -0.1676996283416873  0.5409422387039576
2750  -0.1031954449181068  0.2170020732799978  0.4614518579620942
2751  -0.6631292792331429  0.3144291869362626  0.9771326082204725
2752  0.07036399558118045  0.161426843667054  0.5771403676957965
2753  0.1495627584807485  -0.0637364476229985  0.473162453230523
2754  0.001347309506902289  -0.233478142766186  0.4190259148752378
2755  -0.5224183016734569  0.3583725644399164  0.7679321701765801
2756  0.2076845765113831  0.571090430021286  0.4492130875587463
2757  -0.6952757405012331  0.2396182855593377  0.9928186958812785
2758  -0.5016507927422802  0.3731127026249779  0.8718065304227189
2759  -0.1235071413855711  0.1811710089626341  0.3227439037333745
2760  -0.4668861898724133  0.1547260950407237  0.3747504271566827
2761  -0.4316993897882491  0.4423141768356869  1.206016543246008
2762  0.08497856867565884  -0.0766573770319903  0.3835820917913977
2763  -0.1016853279735893  0.09625987370311759  0.5697004644557235
2764  -0.7344968028785888  0.2469449015909786  0.7013473129947635
2765  0.02709594428137713  0.4272541797734374  0.1753195208125187
2766  0.2308790180402636  0.004055859423573539  0.4743947397175617
2767  -0.2244884420648649  0.07514063005309807  0.2135494382767539
2768  0.2769554882131671  -0.03919498177999337  0.5968952542583755
2769  -0.5216889954837753  0.3402170909286318  1.305548499942375
2770  -0.5012531572440946  0.2690964360636832  1.239664974416609
2771  -0.6092836287112602  0.4027288818581984  0.4127997890705957
2772  -0.409694655084335  0.6804704504869042  0.5303145695145081
2773  -0.5686697007241144  0.2547061616212809  1.022458186576149
2774  0.1834159016620124  0.2819962763343988  0.2412028092863261
2775  -0.6154672724804584  0.3044073385996569  1.058191597941653
2776  0.159299995897796  -0.09404358631167073  0.2224197379109667
2777  0.22977015376091  0.4791916906833649  0.764271542429924
2778  -0.5073588162854363  0.3085818819021952  0.8295901255559818
2779  0.2721739087689597  0.1464305600860834  0.3703057782449465
2780  0.1712303056001747  0.2690881547775642  0.587063923135396
2781  0.2273096639910634  -0.04218618073633369  0.7137071728129156
2782  -0.07835015808341328  -0.09621647629334711  0.7428846225437088
2783  -0.1930289741113528  -0.2617422832158424  0.3353432770065327
2784  -0.2045993937639268  0.3504558585430065  0.3943557090394397
2785  0.09663905238696191  0.3172307966779096  0.5943388320898488
2786  0.05968705249563655  0.006071550944928985  0.4609365787596775
2787  -0.2893227953675083  0.2415286666991666  1.064735751541673
2788  -0.004513872308538974  0.5071259557009785  0.5161844820329676
2789  0.1987570225599866  0.1589424402211088  0.6289821669870924
2790  0.1318724062488366  0.2554922934712696  0.739941155086059
2791  -0.3091110051568297  0.01423392224152168  0.3380228660774495
2792  -0.1822618779560071  0.6857198780723713  0.5876748834165013
2793  0.3269182297233022  0.3448817770148999  0.3911317730354346
2794  -0.5228430474270618  0.1086461369695937  0.3374523870166732
2795  -0.8243646337918222  0.3348830187052516  1.203363098665085
2796  -0.3543775693047738  0.4831105265917362  1.078224537741062
2797  -0.5418830652400011  0.2078872143137404  0.4861923582156061
2798  -0.1332970424391065  -0.06128384762269853  0.1589181477042022
2799  -0.6883520502665907  0.1977402404262952  0.3767744251571397
2800  0.2060879979093869  0.5016746095221162  0.4402916097290785
2801  -0.4341492354869843  0.6604130566120148  0.3610802888870239
2802  -0.5987803041934967  0.1758988797664642  1.276967830955982
2803  -0.1469656067955311  0.05408423354977027  0.5178960125684283
2804  -0.6146487780121499  0.3009486320995363  0.6825883599999932
2805  -0.6121289432048798  0.6071732044219971  0.5569350123405457
2806  -0.3487206337184563  0.6774917296995304  0.4940825300594877
2807  0.2492660291096131  0.1245140305632906  0.4849800905006721
2808  -0.01899943044352395  0.108317757182914  0.4647846910103656
2809  -0.3179795627680009  -0.04087903202388216  0.329654841281717
2810  0.3144901896899226  0.2305345863420277  0.5123283483828809
2811  -0.245372572264358  0.6618445461399403  0.5894953375609419
2812  -0.4592904448509216  0.3761360347270966  0.2041574418544769
2813  0.2274510562419891  0.2431364879012108  0.9009380415081978
2814  -0.02917375994605279  0.2606159842692791  0.4506812550224164
2815  -0.3789402570680349  0.3385962675602705  0.4075878002529197
2816  -0.3514221114605011  0.3633196769906067  0.655316795966231
2817  -0.564276169315429  0.4002596580685592  1.05414444878105
2818  -0.420387261211887  0.04651234070641472  0.3375488955946726
2819  -0.474572882003754  0.2551617620718035  0.4866134779165862
2820  -0.06806384616304964  0.5055590241723202  0.260521018312236
2821  -0.05825512488458909  0.60397268772739  0.5541379194756504
2822  -0.5041651427745819  0.5090742111206055  1.372126936912537
2823  0.3391972720227397  0.3205151627871433  0.715078148207554
2824  -0.2358713606970014  0.2036075543580962  1.04115732154906
2825  0.05251072920306926  -0.02559140413199842  0.2759340856050164
2826  -0.05267557719708915  -0.1398008545266557  0.6362639672035043
2827  -0.2352610562181357  -0.0886207040695399  0.2290733321315083
2828  -0.3338784606169703  -0.1681801255165568  0.1905087257756634
2829  -0.1967705621126114  0.1417547907896413  0.2920725499149368
2830  0.3854190669065224  0.2324118932078116  0.4024238840602505
2831  -0.4369313227224596  0.2949381618467378  0.3840630056489748
2832  -0.3341099205978715  0.3264570268192522  0.9444214563967624
2833  -0.1841757280330164  0.3500202918415765  0.2462959211696555
2834  -0.3889632660229969  0.4475360671917278  0.950536845083171
2835  0.02418938905355122  -0.1399418892238013  0.3387372826691523
2836  -0.4810637533664703  -0.2138074561953545  0.1729301810264587
2837  0.2931296511712211  -0.07263380787068356  0.5204048486055266
2838  0.06102576729447429  0.6201506159474198  0.4744982772325131
2839  -0.2151835561887245  0.2646508797749735  1.13098138334366
2840  -0.4691570453568206  0.2471553447736857  0.8655431632826208
2841  -0.4957375824451447  -0.2133874297142029  0.3359350264072418
2842  -0.5310185253620148  0.07096880325116217  0.1744935214519501
2843  -0.2673213694961858  0.311467261336409  0.7792241604389207
2844  -0.1361682697469729  0.02546130905681816  0.4345404868752187
2845  0.2548646956336908  0.4376332210815003  0.3942851039568211
2846  -0.04523560566463047  0.2037317221037444  0.7470640004091275
2847  -0.3195441498435789  0.6086230604292484  0.3508237451394428
2848  0.1203318556059489  0.001004746454553641  0.5044776777012937
2849  -0.1729201277172312  0.3374845471094731  0.4982098719797976
2850  -0.2127521845666244  0.2684411915104832  0.9008230437237255
2851  -0.009241476893485118  0.3785026232118724  0.4739838275994561
2852  -0.07037875982419031  -0.3584043375364582  0.1921156874261001
2853  0.06365832991450793  0.3132242318185317  0.7144960640425306
2854  -0.160842852111966  0.2636736872459947  0.1834608529575004
2855  -0.727113994925525  0.3771928466805095  0.7131739863502292
2856  0.2752299833809231  -0.1722576079809137  0.3002281739429744
2857  0.4243676119629596  0.05119790725246723  0.4606402896081568
2858  -0.09025357554085359  0.318294176353734  0.517803709767005
2859  -0.4056507050991058  0.6774577796459198  0.7546631991863251
2860  0.2299909516654529  0.08131013480603547  0.6311845215998305
2861  0.2231700182759851  0.2224935349145238  0.2412216112686388
2862  -0.1281824627556493  -0.1587114148047865  0.3209312944388464
2863  0.1086580892594283  0.2578686691720196  0.363360230991818
2864  0.3961438332921279  0.0812759641001142  0.392940074416139
2865  -0.2532692035349066  0.1850878874613383  0.6046437089514095
2866  -0.2145032665247147  0.004096196181452015  0.4879045909145109
2867  -0.8143165626146958  0.1790588839241526  1.172157838196254
2868  -0.2997498986273388  0.2994394942549935  0.2010371286831703
2869  -0.1040700076538753  -0.2147553714493677  0.1446792851437149
2870  -0.5106575778250415  0.1923136184527734  0.9293123022790597
2871  -0.03762635614983989  0.542388743262357  0.792055046057399
2872  0.4054539436906222  0.1140561715812001  0.4979194937660522
2873  -0.1431565284729004  0.6891343295574188  0.3398946523666382
2874  -0.586361028018233  0.5487806830769484  0.7028208008263859
2875  -0.3559031322507095  0.1822342695137131  0.3651346535454472
2876  -0.1093288875607366  0.6756941983705584  0.496501641366579
2877  -0.5901032388210297  0.4509603679180145  0.3127134144306183
2878  0.3180015801715887  0.3897446705704345  0.5444949711169083
2879  -0.2551421242409502  0.2202048009922039  0.8477614882307375
2880  -0.2707121562568032  0.1694166602073984  1.129018341245896
2881  0.1939684919055063  -0.01692695651401463  0.5765472398999264
2882  -0.008740908066894676  -0.3531153679227407  0.3519961175361068
2883  0.113020196557045  0.4958088025450706  0.8343278020620346
2884  0.1275855153799057  0.5223543047904968  0.7972560599446297
2885  -0.4734316133200336  0.1710133900966693  0.7609625511065784
2886  0.06078957036528948  -0.4625223825636353  0.2356009881578673
2887  -0.3996572245190011  -0.03568088475099059  0.2550722973657937
2888  -0.3271639903175778  0.3047548365693651  1.193333093880317
2889  -0.04061686491433228  -0.01518277905635764  0.3288551105292543
2890  -0.1131816458811821  0.1377587777991375  0.2741875048364716
2891  -0.1348173470041266  0.4068562799315092  0.5739458173347818
2892  -0.07235206048641499  0.3034662358030701  0.2823109097622728
2893  -0.1489443715711278  0.2403862568631187  0.7688524937249052
2894  0.1780815208638154  0.1175825860907779  0.5861774024404235
2895  0.215837761759758  0.1551597751677036  0.9008098393678665
2896  -0.09938366843993232  -0.1178159986680565  0.1887214670580973
2897  0.3529229677413984  -0.01479560702884188  0.5937947744784817
2898  -0.1409996680244178  0.4713729290730032  0.841272059327689
2899  0.0647053164412017  0.2103336698266955  0.4013324987249145
2900  -0.04470092200159306  -0.1374395946712373  0.3067346091328519
2901  -0.114794356348666  0.3901277624578491  0.6596543992110324
2902  0.2781797533515786  0.0487527296867775  0.5068891837836909
2903  -0.04883693592544003  0.04686441023410479  0.7224452087443041
2904  -0.5898361504077911  0.4834839552640915  1.402780666947365
2905  0.1039292324483312  -0.05005886279677981  0.7022005333910979
2906  -0.6751880528464533  0.2163715025109241  0.5758842238457818
2907  -0.75813930577211  0.2463758996915185  0.5244995458173074
2908  0.1782540018939746  0.1623204281740293  0.7080664513007764
2909  -0.3000394099317891  0.2090475855309528  0.4993384516433877
2910  -0.03003185444293502  0.4514888829268975  0.3850538193346754
2911  0.2802308552369104  0.1007029191527435  0.8173241228268477
2912  0.09957066710362572  -0.07900687525395597  0.5283306123052485
2913  -0.1925595494664935  0.3652851990792716  1.002700407123361
2914  0.1847573088349501  0.4128173131228154  0.5429629267114804
2915  -0.4720635637330646  0.09803732327025767  0.4911323563119607
2916  -0.4414794934953663  -0.02876674683939637  0.3481525630552169
2917  0.2467505977260306  0.1622039040018651  0.678250310396025
2918  -0.0002045758599119596  0.6330099376022629  0.5954384596313267
2919  -0.2539628825485255  0.04605371212385912  0.4064044425814396
2920  -0.1236747122970183  0.1476816390873152  0.475953243037578
2921  0.2324734443794687  0.4609088335858766  0.6092819277579545
2922  -0.8389115631580353  0.271093487739563  0.6591000556945801
2923  -0.4015744647683571  0.2396887115440542  0.6869218433334705
2924  -0.511052853294758  0.4247827880567767  1.161005561160479
2925  0.07818213755943559  0.5623010758814554  0.3534554080764919
2926  0.1928310764063668  0.3154737800490239  0.753159261233956
2927  -0.08235297061646976  0.4840025298828066  0.3413797692663482
2928  -0.3299351659003824  0.1857202298832313  1.10818294254706
2929  0.1648016394911863  0.4429448155853934  0.6085464520992488
2930  -0.5525980795695133  0.3671463338196137  0.5636734920294332
2931  -0.2025422344199949  0.6432123839319318  0.5320898823400995
2932  -0.2670515267824551  0.02028693594682219  0.2735904159496251
2933  0.2314794238201654  0.2438083111483175  0.7258436288888727
2934  0.2748128304942736  0.2873740263400685  0.4729979909291911
2935  0.2632222652433973  0.1694287742422246  0.272759274961461
2936  -0.4219172578094557  0.4301517451533349  0.7247876613102194
2937  -0.08629245086808071  -0.2113715098168195  0.5073782672826248
2938  -0.4345609670060524  0.1721990538145869  0.5059379992570492
2939  -0.5534153615617903  0.2942512464089082  0.9034135493212019
2940  -0.1995902194626906  0.2830784085891996  0.6367401764294385
2941  0.1270165974595445  0.2316966915062095  0.440932880005632
2942  0.2832232288843453  0.266690395690272  0.808900467809299
2943  -0.393768107094922  0.5865937942971452  0.8286769098136849
2944  -0.2741221816451783  -0.04926355153843941  0.5351438457200149
2945  -0.6885189712047577  0.2478928565979004  1.315323270857334
2946  -0.2476383745670319  -0.3025316745042801  0.1204081177711487
2947  -0.2564129531383515  -0.3167157471179962  0.1266763508319855
2948  -0.5038914039635041  0.3592693871177768  1.121378438337236
2949  -0.8674884121341779  0.03867000885533484  0.7087770686728277
2950  0.3223690253059295  0.2805326182530964  0.3929086447264444
2951  -0.5922885630450465  0.2273994151451187  0.6779999666017914
2952  0.06799061797081024  0.2568342810268591  0.299126994269708
2953  -0.04210708186548764  0.135354596868195  0.2569612894030453
2954  0.01117725920929724  0.3579235632159332  0.6766586269740116
2955  0.03294949119937951  -0.06272530164633225  0.4539626019442478
2956  -0.6055484570430956  0.426771738102056  0.8508241461115935
2957  0.1672277273656558  0.1642407791594522  0.8537957224108658
2958  -0.4738819429504475  0.6333144037103366  0.5048498303828877
2959  0.2967229578993242  0.3137114957021398  0.5213363706331029
2960  -0.3773352277144879  0.05735360652351848  0.3154456856077896
2961  -0.662253321312404  0.3297308134036909  0.6069569172801511
2962  -0.4202307955506263  0.3699950199813317  0.4990552909383571
2963  0.07194845074259693  0.151823789589536  0.7551214922588458
2964  0.2531063558690667  -0.1096643121846778  0.4556266396230658
2965  -0.8428260783931849  0.1203186479620222  1.11090152502794
2966  -0.6443031212359764  -0.08767582854760436  0.3476683734441828
2967  -0.4141688511636447  -0.09720499272734112  0.2483051423989219
2968  0.3007901422740082  0.2782603310134742  0.3228483042848047
2969  -0.1198867341719389  0.2149036688741714  0.5574049228001399
2970  -0.0315919655127436  0.4515158605243478  0.4583663170219318
2971  -0.5629904923947044  -0.05575820386710065  0.2607011039972589
2972  -0.5311883334000473  0.09254643573909764  0.4299563470704542
2973  -0.5026892683525837  0.1656734434053737  0.4839468708921386
2974  0.2160817553271665  0.04034773813465608  0.7070312983084069
2975  0.1488864413870975  0.2888521682976349  0.7985381983236138
2976  0.3725049797701083  0.31240206447387  0.4352360612739759
2977  -0.1544877951911131  0.2933257365185026  0.566640488193126
2978  -0.6852977717336872  0.09907322161247288  0.477696173411514
2979  0.02321560187022487  -0.071218121958604  0.7158209550319394
2980  -0.1381879428346736  0.2856321850476303  0.4279877650866365
2981  -0.1443868253005722  0.2557830039776888  1.000773544285863
2982  -0.6378982157259265  0.4706296399909412  0.4494236934310047
2983  -0.09091077489157398  0.2190456511954219  0.2546060713700901
2984  -0.1691296081385875  0.5465415458410551  0.4554783167807606
2985  0.1038496265383169  0.2394889755239437  0.5741793893557199
2986  -0.2969108272223087  0.1771085462401267  1.176485451894424
2987  0.1011462658643723  -0.2753803506493568  0.4815440475940704
2988  -0.5344133223429102  0.2691727077357716  0.5554092967817787
2989  -0.3978034514370501  0.110855772651355  0.2755949950219543
2990  0.08723384141921992  -0.07289054337888956  0.1192524433135986
2991  -0.7160213768024624  0.265925607281271  0.5758326825197273
2992  0.1847513751731971  0.1921323296287114  0.3524611206148643
2993  -0.05922597605146099  0.3900657230783327  0.5398205361979269
2994  -0.1141370257195759  0.01658527538778196  0.2874057218580361
2995  -0.03964556465229954  0.3880704561720987  0.2612375692997498
2996  0.3491063021227536  0.289625143712429  0.5292859394228377
2997  -0.5943540572910466  0.3575539097230612  1.241923485504993
2998  0.007938158137043683  -0.1215930079029829  0.4892948975086159
2999  -0.3225194356787741  0.3762209316194865  0.1615500904077317
3000  -0.5925042160780958  0.1538307466166072  0.5345320233953708
3001  -0.358419372046426  0.07195209575458456  0.4022326821128243
3002  -0.3175555872486535  0.5715305155335973  0.7272934652574499
3003  -0.7078241049338279  0.329931457400825  0.8311639528210951
3004  -0.5072626173496246  0.1866720393300056  1.294964551925659
3005  -0.7774745717404545  0.3948314728214363  0.6913490148741279
3006  -0.04119814511390776  -0.0997129276519037  0.4141132784170113
3007  -0.1008656769743907  0.1172264917957759  0.6475128159883337
3008  0.1498431191091288  0.5314952485716777  0.6305402045896378
3009  -0.2737993597984315  -0.4137743264436722  0.2812165319919586
3010  -0.1874845939849394  0.2204028142742415  0.8537157641554132
3011  -0.1500068063208427  -0.1197610308254681  0.2394242761055091
3012  0.09377082634877476  0.3369257963918751  0.3655947342624047
3013  -0.1391963915690103  -0.4787705238989043  0.161656165026097
3014  -0.8319006586271294  0.1546144592514284  0.7344910032105106
3015  0.2627802491188049  -0.1758759841322899  0.2011479139328003
3016  -0.06509316029113976  0.4514083524588954  0.7081702757492339
3017  0.1055206095093532  0.5064597576045161  0.5037196780168018
3018  -0.2254100816292648  0.215606455321931  0.5236476004091531
3019  -0.1685189008712769  0.7170903980731964  0.3930684626102448
3020  0.02674321035892968  0.4374095657494126  0.7019421015224088
3021  -0.282048951916466  0.2644433462236019  1.148546122214189
3022  0.02032079560608885  0.02419536312851679  0.2952754423726159
3023  0.2273016562651688  0.2786958744261072  0.6273196981065101
3024  -0.5055897756820176  0.501498817738631  1.229241009957808
3025  -0.4246061225549924  0.6159236346815877  0.7367164293060061
3026  0.008546354494267827  -0.3800871795025208  0.197976272201115
3027  -0.02777370469782103  0.1133359113835294  0.5975308070443381
3028  -0.4691694527864456  -0.1504847668111324  0.1588161587715149
3029  0.09001719537499914  0.4786481333805957  0.2759239494925583
3030  -0.6687905364994986  0.3747565615583145  1.213687283945223
3031  0.2232832228493438  0.3895577864505553  0.5813488852020448
3032  0.03938515774221235  0.4615691439771876  0.3374193267627724
3033  0.1117013077263694  0.2677436172747402  0.2247303275397341
3034  -0.4050961940622748  0.202723442645718  0.4432027739143456
3035  -0.332710752817338  0.09219361650816624  0.4813933357872574
3036  -0.1751561869060704  0.3365737750216992  0.6914352064349536
3037  -0.06424999180779678  0.3219558912098974  0.692811399152224
3038  -0.1492025129527402  0.09600420946806795  0.7531582680915202
3039  0.2710873055091244  -0.403372359113749  0.2977782328755849
3040  -0.02705395826077875  0.4392400038833273  0.2986458052728491
3041  -0.4211970891916742  0.2693194608678464  0.3070351326416187
3042  -0.09202554821968081  0.5242984294891357  0.2017444968223572
3043  -0.05016430025832344  0.5230471187717203  0.2034073329119713
3044  -0.6158314645290375  0.4749928563833237  1.163034774363041
3045  -0.1781939009285411  -0.004689768211749122  0.1475130304514681
3046  0.293985478599789  -0.1335242552565921  0.5164114587702151
3047  -0.309577965225445  0.4390892599949163  0.6087847208146273
3048  0.09733103207549859  0.4385189233657638  0.6289399289001333
3049  0.2263815762368265  -0.102964761374212  0.5567000237522708
3050  0.1286586225032806  -0.4246069192886353  0.2003602087497711
3051  -0.05211519828013877  0.6302091942204301  0.6485839529708174
3052  0.2264395295405274  0.1535202772433237  0.768585360843979
3053  0.09780011960948648  0.04990484406621189  0.5705750247897725
3054  -0.03874390341173964  0.04593826655456403  0.2998484213900152
3055  -0.2987011631987608  -0.2231757127760313  0.2741081978395923
3056  -0.3298753111094184  0.1783672688768651  0.4456995167431395
3057  -0.7027752900238227  0.1567096916706198  0.5097908779176357
3058  -0.05196045107658201  -0.2928093332020156  0.4036904540848749
3059  -0.001311054116042154  0.288154971590789  0.7261501503950213
3060  -0.1785899305529624  0.3892516511710678  0.8662561734501779
3061  0.03870195874115856  0.0203003211295674  0.5243501873779727
3062  -0.3826567543445416  0.2516792888744004  0.9510180984168906
3063  -0.07117739066798015  -0.01606832289684133  0.5462901844993421
3064  -0.2599888163345338  -0.03959751177031378  0.2165970316186642
3065  -0.482235206640734  0.1512586650314275  0.5663273263856203
3066  -0.1268178029957845  0.00994800110620366  0.7622234676651893
3067  -0.2305839803420502  0.3659245046413058  0.6286618224139642
3068  -0.3541029408655022  0.2698046371053657  0.7463121023853307
3069  -0.4515136106478257  0.08170765002845044  0.2041757312991526
3070  -0.003145768611925281  0.4881003479704361  0.6039718069182561
3071  0.3667353195719735  0.3408394850003446  0.5134247240422622
3072  -0.1103990671246852  0.4100984589724236  0.8567310498735887
3073  0.2246603719103566  0.251730455940728  0.5193022858015264
3074  -0.2781584320995383  0.2733449779109497  0.492611232548967
3075  -0.1044047176837921  0.6928381025791168  0.7064955830574036
3076  -0.2144943388839526  0.5874905583186838  0.4950813696474615
3077  0.1667765440644721  0.2589274668998536  0.3084380813721432
3078  -0.5853987499279409  0.3581371092877028  0.6373139464645591
3079  0.366846354203921  -0.04265936709797215  0.5229584053686123
3080  -0.1323385060712259  0.08212568174644787  0.4690155784349478
3081  -0.6035949212594751  0.1103193373488972  1.125417380362579
3082  -0.1702586344779062  -0.09030526738157839  0.3796912122904608
3083  -0.1629404693744936  0.3443975839486366  0.8833730989691084
3084  0.002470298296127965  0.1944302484180526  0.2695626025009739
3085  0.1613835274670736  -0.1250907181634187  0.5684044368338304
3086  -0.06783692477906944  0.1328486343766715  0.7335902036012814
3087  -0.1322967474254193  0.07119084994754044  0.6265854010577614
3088  -0.389052458877533  0.02006108123871249  0.1789148897217663
3089  0.2698784998580774  0.05896468819124792  0.7599761364659148
3090  -0.4347100809592248  0.4971225422697488  0.7219871807430551
3091  -0.1848098379276994  0.1401869621323465  0.5106387850090367
3092  -0.4258148836287492  -0.2146011155960199  0.2516551225651849
3093  -0.354324321163339  0.2684824054704492  0.270047365484942
3094  0.1678866934136031  -0.3563565484501746  0.2547923190114927
3095  -0.01968738518251326  0.2659671222676014  0.32131993864715
3096  -0.6277152822040797  0.312985450371867  0.7769139854845138
3097  0.00552004551638649  -0.233925790908106  0.1697046878573722
3098  -0.003131922018697386  0.08735054042739851  0.83513285040791
3099  0.2275589388848663  0.3499226796467915  0.6467210724996773
3100  -0.299590178433844  0.007601571343510348  0.2105429318748113
3101  -0.3103312293804967  0.4378798413059039  0.7654711143177372
3102  0.1880487819524183  0.1395011066884851  0.496696467761089
3103  -0.2619136148163858  0.5212239041753487  0.9132464367029935
3104  0.2488817274570465  -0.2459440678358078  0.5356019139289856
3105  -0.3450255632518036  0.1233890176264384  0.2961369432590424
3106  -0.3016824028183226  0.2735334897873379  0.3787167757054728
3107  -0.5979259493085816  0.3055427194184996  0.9555953755566662
3108  -0.04918949030409805  0.03500220218522559  0.4026732926507317
3109  -0.7304119373550189  0.281301863174824  0.4481463236256775
3110  0.02197904884815211  -0.02866374794393778  0.1076750159263611
3111  -0.6603986868541327  0.351949591592007  1.333334891185045
3112  -0.05771997570991519  0.6556337475776672  0.3110126852989197
3113  -0.4422041850952612  0.3305915580130345  1.122948276040174
3114  -0.02175117382954764  0.3192601667336962  0.5706378919366406
3115  -0.5315203368663788  0.09132415428757668  0.5535172373056412
3116  -0.4698788806434577  0.5910134592199688  0.458286383742625
3117  -0.5461266820447981  0.04475303398123422  0.3589551988090978
3118  -0.4420758783817291  0.7162071764469147  0.6031570285558701
3119  -0.4245088916912365  0.2637787292639497  1.059283635980339
3120  -0.5166697182036519  0.4319663377952834  0.8125699178838311
3121  -0.1955164554242248  0.2603546104213382  0.7183837231270458
3122  -0.5386767853531755  0.3994068036335334  0.6975838149212414
3123  0.1182369947531416  0.127319997963604  0.5413081187409715
3124  0.05069797464170533  0.2404206543868968  0.6725168385308913
3125  -0.3745461752351311  0.5259040901652605  0.728580451767435
3126  0.3785901162102572  0.1517750227399511  0.7391966966298702
3127  -0.6441139988184537  0.2599782992369323  0.365445607496521
3128  0.01309026552106041  0.04286879309785855  0.4440758041069056
3129  -0.3973580537559845  0.2193658804796476  0.8692243335729875
3130  -0.1103184717148399  0.3241529311557485  0.1967496465385383
3131  0.173301165826018  0.4124252671409943  0.3963987551082666
3132  -0.4651846326742735  0.4272007932061865  0.6862233829754993
3133  0.06328726113192307  -0.1658644456189064  0.5491894695351488
3134  -0.1454137917329479  -0.05412062857240147  0.4617995420843956
3135  0.2972369998957278  -0.01090000824452182  0.3763451853621094
3136  -0.6418242794475597  0.2745459381748214  0.4740187135635595
3137  -0.5145379131559691  0.3119006130541878  0.9820320974531765
3138  0.2943573256809238  0.141763645988997  0.7470355368442199
3139  -0.5881201025526879  0.2453204797895671  0.5012319535872151
3140  -0.05885621905326849  0.004465799778699875  0.09778034687042236
3141  -0.1266128107131413  -0.1102378450733851  0.656613941858432
3142  0.1863367233862173  0.3533040084931989  0.6979274826380277
3143  -0.6020230868564735  0.1489837740999101  0.8980929882058786
3144  -0.4757421699343358  0.1533216056026005  0.301057753353671
3145  -0.2149448650283336  0.2332083497599715  0.3093846451340059
3146  -0.3534979877291033  0.2532121877509871  0.4870283459728075
3147  0.01074276615690839  -0.1602245415890885  0.3984444408334392
3148  -0.2384985178419771  0.5957691917289584  0.3401720103530853
3149  -0.380325750741018  -0.1398066228343132  0.3114251666578669
3150  -0.6068828491657681  0.1871112333183472  0.3887766920544865
3151  -0.5447585161953243  0.1691909659005146  0.7554939503807393
3152  -0.6400993217791671  0.3365177905588199  0.8986036373506421
3153  -0.2593461822642059  0.4569844626718962  0.7138873898310945
3154  -0.2715833831331799  0.1573988728234132  0.293297480847998
3155  -0.418309792014316  0.259982017448501  0.4299659601148867
3156  -0.1179606029759085  0.5617895832613344  0.6466936304946433
3157  -0.383742080100867  0.1151430243841327  0.1886770841229047
3158  -0.0974498456887172  -0.07236796531678953  0.5381854211918906
3159  -0.2574456948773175  0.1796615666880222  0.7823283114022116
3160  -0.3373724976011599  0.483590762737424  0.8959809053042171
3161  -0.4960983932358369  0.5423165685086645  0.6328757342343143
3162  0.3695501193013299  -0.197467633073013  0.4004994577942625
3163  -0.1369012536477636  -0.000473841140007731  0.2145333155013244
3164  -0.4790956408730564  0.3415501948451199  0.4503627966581641
3165  -0.001444137607460233  0.09424034021619627  0.3756331072247283
3166  0.127187783625918  0.1417220172010359  0.2159672401985281
3167  -0.4529024178322067  0.3960794826437364  0.990754727786934
3168  0.2158900533001976  0.1263186664833335  0.3370521438560841
3169  0.3800037656671418  0.1828875544940265  0.4816723258969299
3170  -0.4816442885917096  -0.149223185538448  0.2362622048334734
3171  0.05981085886984333  0.2895331674637387  0.1855022758078576
3172  -0.4324191241823088  0.1649212576250465  0.8120836573710494
3173  -0.5258746042010571  0.23295478312069  0.7883492521089203
3174  -0.1808634281973883  -0.1168828147703573  0.4504871251831265
3175  0.1814529825477273  0.4357951345146673  0.3106576301824432
3176  -0.02164290882503173  0.06340295375083564  0.6636419953186048
3177  -0.5428235370642718  0.3780983069669814  0.9336908239949333
3178  -0.4092695586994286  0.1640625263650391  0.3155764009973576
3179  0.2799869828499706  -0.04635138549708698  0.2546720959355415
3180  0.2020057385885635  0.1805522663911736  0.4157830669240494
3181  0.0732631622442334  0.09864100061745025  0.1824904836710343
3182  -0.4572102238265268  0.4106677115760746  0.2925896205633217
3183  -0.2551068278579917  -0.06291135313531793  0.4358526088855018
3184  -0.02230409090300958  0.3197635099570391  0.5023096133969333
3185  -0.5893058042406127  0.3174356005227523  0.5962875343133653
3186  -0.3779988446473537  0.4714275628178697  1.275013386161593
3187  0.04760890066369206  -0.02891158711260317  0.4028431801310663
3188  -0.6049868994201852  0.2305897808974415  1.070200839966727
3189  0.09561639059844462  -0.1630759003239469  0.2193040772765434
3190  -0.1589297019762432  0.4021095468603706  1.07400563674436
3191  -0.8072319433164044  0.2160753381752776  0.893927397450218
3192  -0.4363641743098563  0.1812860378125624  0.6399910634351113
3193  0.1192062413313574  0.369177287057603  0.7531292560311454
3194  -0.07350771877270304  0.1595448304720624  0.4530782985169929
3195  -0.251361614832287  0.142622035667313  0.4725181451930195
3196  0.09665428241117646  -0.1135659039267725  0.6205924742630902
3197  -0.4902491330672172  0.02659499470198475  0.3351129144033956
3198  -0.03279753170674796  -0.06973855565496191  0.5865297136335486
3199  -0.3087438538385318  0.590052932474838  0.5826642610738977
3200  0.3126499326897063  0.1175116900599089  0.5205941692875262
3201  -0.111587390470102  -0.002299236439806205  0.4988011548554365
3202  -0.4193051428489835  0.6426023037912657  0.6552652134996024
3203  -0.3427029385581477  0.07081619100472894  0.5521794479766146
3204  -0.8752680948028024  0.1605028977925324  1.018683099870349
3205  -0.4162613749504089  0.181338332593441  0.1450097858905792
3206  0.04750798296047909  -0.08566734782389167  0.5767700414281264
3207  -0.03916069956058868  0.03380173837149167  0.1585177918829256
3208  -0.08202744330660941  0.2569857867386326  0.3950724020621866
3209  -0.496629965506175  0.2481347019557105  0.944783649786849
3210  0.112880461926138  0.1851089732797387  0.313311003452472
3211  -0.1773605744193235  0.4381727904223547  0.6044268024124386
3212  0.03460681438446045  0.4109545648097992  0.8923502042889595
3213  -0.2643886899773739  0.6211073152090483  0.6142131415685881
3214  0.1222243715172142  0.5837525811918197  0.4673855976429778
3215  0.05653596835469116  0.1323755212181417  0.3110973129575144
3216  -0.5822515189647675  0.3213077187538147  1.367361053824425
3217  -0.2307994179076385  0.2333639883455849  0.3833721989078815
3218  0.03307055755136246  0.4242255064330872  0.3975722083103774
3219  -0.2998007723758808  0.2430058707351741  0.5488143853461518
3220  0.1838133126980278  0.2815168507430531  0.6744299665424025
3221  -0.7852520232354157  0.3504641491438968  1.133618596892498
3222  -0.5153781701794351  0.1333314367718773  0.2417111533368503
3223  -0.235005920152978  0.3497034905714066  1.158664671958273
3224  0.1746792929707589  0.3333825144139905  0.5824931776805823
3225  -0.1526867099857692  0.2876226132108974  0.9411466466117191
3226  -0.1229209317117281  0.1513955218287502  0.1862004159493744
3227  0.2196113467216491  -0.1128682587295771  0.1709875166416168
3228  0.1823112669510016  0.05873182477401292  0.2293293423952557
3229  -0.6317468436773239  0.2292945566116511  1.252448242621771
3230  -0.2477885293905097  0.2010165952154374  0.2359063702579087
3231  -0.3566070568587955  0.5262869813839313  0.2291807837718295
3232  -0.6224697034070148  0.174549983101214  0.7423599724756029
3233  0.4199398327897446  -0.01081560525947535  0.3258595834520121
3234  -0.3798764612466269  -0.2862313733238727  0.2249608243393741
3235  -0.5104539692401886  0.5058279186487198  1.291415810585022
3236  0.2193407658667034  0.03600776974126189  0.5637561730804208
3237  0.1225814422593818  0.1806112457310582  0.6321756452366492
3238  -0.0607192260356644  -0.05708803892366923  0.4768351154914973
3239  -0.1611075861117546  0.1594723655644469  0.4386847097765366
3240  -0.4249984675482068  0.2911219144518298  0.5837877462107881
3241  -0.01964880761939272  0.2249072902646556  0.3801519798172648
3242  -0.2504749680481891  0.3072329758391221  0.4036401634009803
3243  -0.5840765956558527  0.3809375632142867  0.3537596291695222
3244  -0.4744722991497337  0.4059627275755794  0.7641356277820871
3245  0.05517929442195418  0.01005535714064249  0.192900348333493
3246  -0.5867067047072712  0.2422302181049795  0.2965818395391507
3247  0.4255919366331538  0.09361259647942277  0.4341101229183292
3248  -0.3848080425320962  0.4189504432904693  0.7776971542183286
3249  0.0897935633428778  -0.1359396889205036  0.3607208380929406
3250  -0.5196130226668776  0.231341971922363  0.3686904956064605
3251  -0.1359545760265777  0.2952130116706435  0.2422829949175523
3252  -0.475361555814743  0.04081662395037711  0.1476389765739441
3253  -0.6782082217970411  0.4301270848249975  0.7166625554985452
3254  -0.6592599451541901  0.03126255050301552  0.2512158155441284
3255  -0.06154355997925567  0.6423138706252799  0.4501086236722623
3256  -0.5506176775368596  0.3379023322153879  0.4185261680014312
3257  0.314043697028582  0.087279549233776  0.6367079238632591
3258  0.2906207107617944  0.1949377661728924  0.725348672023589
3259  -0.3540579613046214  0.4223295318382203  1.341601653149364
3260  -0.3851993547578522  0.2082417593290803  1.10368366534779
3261  0.03835337007708806  0.1832638853980582  0.4758354154689249
3262  -0.3674085095002159  0.2153650411210195  1.207348174070585
3263  0.05947288095167269  0.319172510569768  0.8583072703444961
3264  -0.3732165581789333  0.1882460331885965  0.5106869715734662
3265  -0.06686761256504939  -0.179096060486742  0.5888412484917915
3266  0.03508441798751549  0.214426205132471  0.605745792232825
3267  0.1279020295831568  0.4457657163243491  0.5332314067031735
3268  -0.3030099144900664  0.0300327063016792  0.1518149497988042
3269  -0.5009846985340118  0.689559280872345  0.608295276761055
3270  -0.438211053609848  -0.1328586898744106  0.3752126097679138
3271  -0.5987949057569597  0.2997183120552322  1.303091828044896
3272  -0.08398617429804969  0.4399206607700843  0.5927718240669186
3273  -0.2226196336736065  0.3923570206345104  1.093750501037738
3274  -0.07068681085747255  0.3942110395209812  0.4157468622809675
3275  -0.1847583251411107  0.2146895878689567  0.58968967040048
3276  0.1347389110291976  0.3771448713311533  0.5998178370082342
3277  0.06642550198490788  -0.461799769261003  0.2896946528538819
3278  -0.595845656832569  -0.2443440093750365  0.285056131813939
3279  -0.1935197238025656  0.6477549671250623  0.3686265307634419
3280  -0.1747681206217897  0.1162613779203387  0.8094394810330879
3281  -0.247256490134356  0.1662701029429199  0.409684175599723
3282  -0.1399346088348842  0.6194501473199316  0.5959139292620775
3283  -0.5497614390365733  0.118352137903976  0.497120733321704
3284  -0.2388488025193909  0.1207132450406858  0.8619001369157915
3285  -0.4625027710876095  0.4467272505799947  0.380491700784409
3286  0.1406262486982264  0.1054304381110011  0.4585694026190449
3287  -0.2833139509427746  0.6310582548551651  0.5389252722819593
3288  -0.06639758006487684  -0.02781563946494974  0.6990020124789716
3289  -0.06731688572235731  0.1512906863294599  0.3855228644517529
3290  -0.2009648680686951  0.01118234731256962  0.8776381015777588
3291  -0.1875166728407412  0.191144373355443  0.165559774694382
3292  0.1447913005963512  0.03639507856999119  0.6848733605198575
3293  0.3815920324555424  -0.00250305486936031  0.3561116713085834
3294  -0.2555668923828143  0.5399135468134335  0.5471941775088388
3295  0.1542246788740158  -0.02023509424179792  0.1435580849647522
3296  0.4668733142316341  0.1944820955395699  0.6809916794300079
3297  0.2132291800809635  -0.07762863515627505  0.6303676890910012
3298  -0.1938406366418242  0.1965421415009556  1.133492549542332
3299  0.04990128133291805  0.3941178162129351  0.7271639951708926
3300  -0.09025467311881896  -0.03519146204698772  0.6174071909320851
3301  0.1724332676429727  0.1936548597699758  0.5634481206250195
3302  0.1009972873686747  0.1618802710374789  0.4952876474819489
3303  -0.5178752550177628  0.5458983965447668  0.7947997131426491
3304  0.3398714160035607  0.06557558146827203  0.3582602149950281
3305  0.1011099904066691  -0.1048907513976124  0.1924956638914489
3306  -0.3856565058231354  0.4503919631242752  0.201215535402298
3307  0.09211710683486873  0.02039050394860296  0.3160967312971635
3308  0.005921067183402684  -0.09723174553478008  0.6449738966410197
3309  -0.4583485156278169  0.2111473684281665  0.2551923845507357
3310  0.04786770128843842  0.2955732254916822  0.4415871624427948
3311  -0.4501185904947338  0.5607132033805455  0.552942883214135
3312  -0.2741616727272641  0.3710204846222137  0.3576950041444782
3313  0.4044935033447179  0.1716704280718166  0.6387867645471004
3314  0.2194571254891056  0.06429737587271388  0.4586829063053258
3315  -0.06467028806807321  -0.2326296396765866  0.1689298952045528
3316  -0.07948386834112112  0.4459177865063316  0.2209486803952635
3317  5.644189314399362e-05  -0.1462810633465565  0.1841068979859883
3318  0.1201954299454003  -0.02052884002492816  0.787314042555906
3319  -0.1337883770465851  0.05072121322154999  0.09554275870323181
3320  -0.4422565214732057  0.4792017775552232  0.8059322979766418
3321  -0.08805817111370373  0.2015889084411384  1.044521790179182
3322  -0.134102191872481  0.6610198839259173  0.4248127850730954
3323  -0.2704810351133347  -0.2242509126663208  0.1135558933019638
3324  -0.2337656504717885  0.4445005305422589  0.8236268154573643
3325  -0.07089203944324651  0.2836536415660782  0.8305805984298629
3326  0.1912903668512873  0.0809910078113984  0.3098130616240993
3327  0.07507664155125293  0.2396662815601999  0.8248225997594865
3328  -0.0003128846202256064  0.1014589590934053  0.7488804356257257
3329  -0.03969059021170163  0.1826208008121891  0.615011358621761
3330  -0.4670477316015322  0.4893094303603592  0.7602588494615877
3331  -0.1984404882637565  -0.317318904284067  0.1631608452549298
3332  -0.2447733446082958  0.3249800175628208  0.4803152549375176
3333  -0.2737059918433888  -0.1095316413280719  0.3073249854874073
3334  -0.1186807911519742  -0.05769673941321157  0.247013110915287
3335  0.2213334335483981  0.309893423965613  0.5384587633068907
3336  -0.2207873761505011  0.2900155064944087  0.2461759337096269
3337  -0.5065962374210358  -0.2669664323329926  0.1963657736778259
3338  0.2984226894990691  0.2944271313214611  0.6635055305876696
3339  -0.6508476991009167  0.2920916819953123  0.5494442393308782
3340  -0.4253664642447501  0.2482933501307172  1.245536123577437
3341  0.146705029607716  0.07397117991376422  0.3736645779100511
3342  0.2548033690662333  0.2301857412281106  0.3901293780496399
3343  -0.5175403654575348  0.2493044584989548  0.1987362504005432
3344  -0.5120950105845339  0.3942048206027568  0.3977357786141427
3345  -0.3273569072351338  0.6110901628937552  0.8025581818218349
3346  0.1939683385682669  0.02013854734297098  0.3966025671180409
3347  -0.1631465554237366  0.6603683233261108  0.7933081835508347
3348  -0.1285735091584903  0.01815556254862467  0.5812374131326754
3349  0.2818799527538641  -0.1261116545071251  0.5856235505119209
3350  -0.3028843561520747  0.1453553846845524  0.3582567230076596
3351  -0.4615308071631876  0.4119856291539964  0.4486118715637513
3352  -0.1054081916809083  0.1230055149644613  0.1043725907802582
3353  -0.2525048553943635  0.6913719773292542  0.3408739268779755
3354  0.1107095784821593  0.5189853628272303  0.314129803943673
3355  -0.1240864736618982  0.5849621149032955  0.731224639901692
3356  0.1607345163988255  0.1202406024530596  0.1528403726139623
3357  0.2672666404561322  0.229820330549596  0.4577285331621481
3358  -0.0386249721050263  -0.1323910318315029  0.1019217669963837
3359  -0.1761116285835866  0.1116885669916017  0.2268571374070461
3360  0.02259863951359731  0.3075980441917575  0.8292262372446817
3361  -0.4145713809982521  0.3156077823201251  0.7040422810223845
3362  -0.4720154574915312  0.2781109031327343  0.6490924765993711
3363  -0.3237997142762741  0.5232108827216669  0.4230428079975453
3364  -0.5479215390189291  0.266055105762696  1.172175897564744
3365  -0.1521243245662972  0.2456517084926283  0.4990398819173979
3366  -0.423872797723565  0.1520822032031063  0.7038005552523422
3367  -0.1535027530465717  0.140999417562535  0.592144173391921
3368  -0.6008985788765018  0.4643602577810091  0.384975290216223
3369  -0.4273293500299256  0.3794342991598539  0.9003626553685957
3370  -0.4076534693043239  0.5305961942925892  0.3267816438997364
3371  -0.01485995219384154  -0.2243497047978901  0.3517680216690727
3372  0.4287271314298789  0.01273210555645217  0.4006636482343307
3373  -0.4966619006699565  0.3412960452593018  0.3567782480895312
3374  0.2520718651797065  0.01657384483034051  0.2558304545529818
3375  -0.1918462285375878  0.4297600943614598  0.5238020044051381
3376  -0.8197445550178424  0.06492097678909689  1.04470120378266
3377  0.1606397907958685  0.2866789034996891  0.4831703809915661
3378  -0.7524743568025243  0.3409452134486794  1.059182107083658
3379  0.1717071070747487  -0.05046843593711319  0.4094151075310158
3380  -0.2233526325174773  0.1069609866922719  0.334827538540275
3381  -0.4719011081108397  0.421286845872533  0.5497668173845269
3382  0.1723547337887131  -0.1076079787994159  0.493391056340443
3383  0.01806693982097207  0.190406181571014  0.7306247932350216
3384  0.15058825531443  0.1347619879369518  0.3954288859844453
3385  -0.3807585012010172  0.3155582213244695  1.276186374651188
3386  -0.5275982524784708  0.02311217044922828  0.4198973487779126
3387  -0.2936451391264656  0.365516789382653  1.189543985185173
3388  -0.08623971603762606  0.2797926582145367  0.4759525839491547
3389  -0.5378823313693692  0.1278771399923414  0.8802954331373823
3390  -0.04908640095643649  0.04734610571296583  0.5916177642723874
3391  -0.575431878571695  0.4522218739804943  0.5387682583938683
3392  -0.4581467429215569  0.2136757358287235  1.092481322415735
3393  -0.3806972801685334  -0.09347125142812729  0.1209347397089005
3394  0.1405226332107602  0.2109623003343946  0.2075457159640662
3395  -0.02364925369232543  0.2062810265928507  0.4771394700148907
3396  -0.7572746006951665  0.3629457306754793  0.4773809233488487
3397  -0.311509370803833  -0.2964223772287369  0.3053111135959625
3398  -0.6236298836949175  0.3737857439025012  0.5422964206209444
3399  -0.3258649593896772  0.5079784585770492  0.5407921591364999
3400  -0.8190959175895451  0.3128698063301536  0.8169348398997519
3401  -0.1528256156177495  0.4863176695299217  0.4892340819420449
3402  0.4061110441193042  -0.2328895351185641  0.4566028976724019
3403  0.001434909344432883  -0.07527729987382355  0.3675734768221125
3404  -0.0456349921023318  0.3454828816273476  0.63654611159185
3405  -0.3509643885379011  0.3939289807375796  0.5779158187731077
3406  0.251988023519516  -0.1818218752741814  0.605559840798378
3407  0.2555362228243522  -0.1554157046341544  0.6501084655119854
3408  -0.3689336193757904  0.1569945370239393  0.6469110280334557
3409  0.04860003029736693  0.3404924681534182  0.5282808855243633
3410  0.0773747712373733  -0.2097506746649742  0.1199258863925934
3411  0.316654771566391  0.3922715038061142  0.7726034820079803
3412  0.3514175531775623  -0.133938446205982  0.5041573476310011
3413  -0.2169921890202443  0.002456113428710661  0.4196339400868534
3414  -0.4404765375037436  0.4930039608721812  0.987179531823698
3415  0.02621520017727441  0.1201511777274085  0.6322496355976317
3416  -0.4520525147471375  0.1585073476151622  1.171450205715489
3417  0.04790872350089548  0.4495000375535618  0.5635024030352056
3418  -0.361660021318513  0.463009059419391  0.6029771308062126
3419  -0.6683116988149334  0.3983540342760102  1.281970456301051
3420  -0.0786173351931253  0.2580951865987322  0.7118313030622194
3421  -0.4585226774215698  -0.2630387954413891  0.1735106855630875
3422  -0.7821468175237967  0.1582403769193536  1.040930368312267
3423  -0.3166330603859768  0.2205850234006674  0.8967951372509204
3424  -0.1219471513155459  0.238616035362399  0.6192383672362952
3425  0.08055335812116204  -0.3688967171265011  0.2183568734303691
3426  -0.2392350296301871  0.4717585966712172  0.5897826003728119
3427  -0.6748911609120172  0.1398568456387657  0.6881731700204962
3428  0.2638048684501544  -0.08055916287252612  0.3687383236660211
3429  -0.2740872452724747  0.5625473978001024  0.3815570512791232
3430  0.04927057236465771  0.2026163875497153  0.537201520871562
3431  -0.6413049892713751  0.1565288739217096  0.3389598332887256
3432  0.2880603160732124  0.4431297205052004  0.48868513832933
3433  -0.1168780117651749  0.4898097517826699  0.5748833122692347
3434  0.1450442522764206  0.2282951176166534  0.9208292812108994
3435  0.3205633187344377  -0.1462994531692591  0.4277562783179478
3436  -0.3792308198447885  0.524022403817211  0.9659136966987227
3437  -0.6037201583385468  0.2731087803840637  0.2545527815818787
3438  -0.08931352488745017  0.3532660728635381  0.5894285709315569
3439  -0.1423814938872239  0.1840095502503956  0.6328425777247014
3440  -0.1764766809189786  0.4649469981783471  0.7179259060656743
3441  0.008387130814255406  0.05071229981894974  0.1850344207815744
3442  -0.666993210276704  0.2416989973692208  0.7134420327272982
3443  -0.1515180170536042  -0.3535261005163193  0.1204051673412323
3444  -0.4518718298910585  0.4839436139894935  0.551737128317358
3445  -0.3727820627938511  0.1739242371558123  0.2437224434276025
3446  -0.2799483119998679  0.4435899213415934  0.2412607108976507
3447  -0.5995107110709295  0.1690088742996024  0.607223848337501
3448  0.04878427361458304  0.1298504255217816  0.3750942312086601
3449  -0.4218811877140471  0.3543267189802611  0.6232535735242943
3450  -0.2482580888556956  -0.166339370137897  0.2456349628386777
3451  -0.02689416212819487  0.1531337926129669  0.3326647539743093
3452  0.1844958592147704  0.2518946362990415  0.3911267160236335
3453  0.2203605053603526  -0.05585845363406731  0.4764562862427852
3454  -0.9212595295986838  0.01404212345642113  1.012582456349614
3455  -0.1382603092542813  0.1761723011153185  0.9974891578594843
3456  -0.2961409091949463  0.7474799156188965  0.6057731509208679
3457  -0.2177916211635197  0.4426299561634003  0.442171895171237
3458  0.09639733902340913  -0.1307145544530282  0.4525435508627794
3459  -0.04846229571105512  -0.09586082123520821  0.1560946920108844
3460  0.1506108889713865  0.1167493668935775  0.6607952593564917
3461  -0.5236527949333276  0.3936700725732138  0.3182787237682357
3462  0.2253122127964898  0.4724283482426191  0.5260320995860615
3463  -0.08444439683986696  0.0920131525506528  0.4185570496002317
3464  -0.20798097964682  -0.07161679137326186  0.153456577549947
3465  -0.2346706315224978  0.04110540038601045  0.3311242018674561
3466  0.02914044232993124  -0.06971751211149466  0.1745397028657539
3467  -0.1116670950442593  -0.2366472326324663  0.3467571799650596
3468  0.1238723362066567  -0.2827079122662479  0.4039875301665953
3469  0.1351181130719558  0.4591671855143079  0.4092003389072062
3470  -0.662086684675284  0.3872230442126994  0.8335628817189649
3471  -0.2761090101457786  0.6316023843901492  0.4712336248434169
3472  -0.4425409366870829  0.1394399757128618  0.7692429710642029
3473  -0.4906332382857601  0.450727323702383  1.230345653553322
3474  0.2433164471604921  -0.2300673275967608  0.466294366207097
3475  0.4288538727715956  -0.09499002354225423  0.504540176788919
3476  -0.3074217018319131  0.1247150328353825  0.5961444425689056
3477  -0.2480983430428948  0.5432681544608375  0.6239162130870428
3478  -0.7977080643177032  0.4139672517776489  1.26363006234169
3479  -0.7480884936645444  0.436582875574451  1.232738127830737
3480  0.1493913494648577  0.3100605355885923  0.6358775199009076
3481  0.0512686861388636  -0.04095108340258627  0.7821964907550271
3482  -0.0822585483425449  0.1620715336105544  0.5845492284631201
3483  -0.3302914580480824  0.652632804746153  0.6642301089774316
3484  -0.3223698275278079  0.06917817524944028  0.2602754089373297
3485  0.03976065213774133  -0.1889044473328316  0.2201123360785787
3486  -0.5141397416591644  0.2869858518242836  1.350114077329636
3487  -0.1594083706266395  0.2119883727013092  0.6848922022123562
3488  -0.3246009548244342  0.1109940789638818  0.2227237671356457
3489  0.3981568962335587  -0.1645379588007927  0.3182841837406158
3490  -0.1979057495864971  0.1043039186003635  0.4182579258883371
3491  -0.3458325266729638  0.2943371257069126  0.8803601999372069
3492  -0.1719764471054077  -0.4921947419643402  0.3074677586555481
3493  0.03303142722006885  -0.1107787598643519  0.2475431505969815
3494  0.2108184647730234  0.2252814259701052  0.7834687268445519
3495  -0.5515246486104588  0.4259706507864489  0.7594142443986802
3496  0.05239535121767791  0.111890450134509  0.445343633883473
3497  -0.4526436100905542  0.5404794822903609  0.8557355829303043
3498  -0.02274848609992067  0.01128712852487991  0.4837221192826844
3499  -0.03443903397599571  0.2178216178543606  0.1576042593982036
3500  -0.01303162444344155  0.3356897688105291  0.3554313182379171
3501  -0.353885442018509  -0.3324294090270996  0.1489536762237549
3502  -0.01973688633835127  0.4045496166983381  0.5859520529630367
3503  -0.4699555442045624  0.6664049530348248  0.5810931051044416
3504  -0.1924684073885835  0.1648185262719276  0.9052712688491533
3505  -0.2785896360874177  0.1929712537676096  0.1134015470743179
3506  -0.3736158011927597  0.5585358024223598  0.5640832378143908
3507  0.1030504816813446  0.3966729760943417  0.835888682342714
3508  -0.1364138793152716  0.5623535060849035  0.5417916365608105
3509  -0.4924299418926239  0.1912799850106239  0.1728866696357727
3510  -0.2313634532902724  0.4077477368323844  0.2948964421284661
3511  0.08050922142705902  0.4612531615981813  0.4411767131557619
3512  0.2189061658030323  0.1154049378912318  0.8447499258211251
3513  -0.05259004947499926  -0.1686162404298672  0.1596842264696859
3514  -0.03787228465080267  0.1359385587275028  0.1088741421699524
3515  0.1485964684031493  0.1344260258404346  0.3306200264575815
3516  0.09491731047560048  -0.3295335605314324  0.2844057635599867
3517  -0.4186928620377812  0.6290659779767579  0.4035455708501953
3518  -0.3938872024468162  -0.3678010861779216  0.2299059266918881
3519  -0.1867741173066301  0.33254451630247  0.7810062914593775
3520  0.1824964736828215  0.09153636379763652  0.7214364229959659
3521  0.1038598567247391  -0.2133177071809769  0.5558518767356873
3522  -0.44236185555018  0.304340518124477  0.9763290544343979
3523  -0.4447185092318859  0.1534907592370851  0.2223656440952529
3524  -0.5623183882255498  -0.07241863014380573  0.3763391605759304
3525  -0.06544239742927496  0.3826344630247044  0.3372967158466419
3526  -0.2013159147344511  0.3933453117026025  0.563748348958766
3527  -0.4607856503624752  0.2990550643417408  1.094232323925666
3528  -0.2556493048812175  0.3473186074950408  0.2855744883783206
3529  -0.4222737262660194  0.2161354812619908  0.5783525923271877
3530  -0.1458432076674592  -0.2836596019317152  0.3845706433519361
3531  -0.4361241916973855  0.3730754737548046  0.3675704388742559
3532  0.1285484807029236  -0.01487034211000803  0.5678307489315906
3533  -0.4169633819362846  0.3519806218574726  0.4465775843383258
3534  0.1045763011450114  0.1092986642722372  0.6034361300415172
3535  -0.6567963064380533  0.4433586651541843  0.7967745610598448
3536  -0.2825940432999557  0.4123087087823325  0.4540135133984233
3537  0.4166848734021187  0.35300612449646  0.4885821640491485
3538  -0.3952290455780846  0.5083506255928255  1.036396990023793
3539  0.1914219260215759  -0.1581921130418777  0.6275844424962997
3540  -0.07891829777532358  0.3799314617346093  0.4811500018570363
3541  -0.3146851887048098  0.4334084435749213  0.5260272788275338
3542  0.4409013575778775  0.1629058672505126  0.5437411196708535
3543  -0.05917937449091162  0.518313187482129  0.3966168543025913
3544  -0.08108895480026393  -0.4317404186928515  0.3621319161650863
3545  -0.2745927438497658  0.6490360649047353  0.3873843072197167
3546  0.0264535977505157  0.422114292987166  0.4444408821485512
3547  -0.1391374985713591  0.487046584875985  0.2365573610525987
3548  -0.223326905547646  0.1323433554654934  0.582986786048914
3549  0.1744341800057108  -0.3603062408746634  0.3609795082368966
3550  0.3572204860475859  -0.1476466818597344  0.5948057710509819
3551  -0.4359411847737069  0.4269609084030157  0.5040536096639781
3552  0.04343555980837521  0.1016689087035865  0.7085891961005802
3553  -0.4414214538160539  0.1170722146227424  0.4289904470720101
3554  0.1535139777430188  -0.1093611763590732  0.4037581684317095
3555  -0.1413958201844497  0.376518342768952  0.3640685684488321
3556  -0.2392971532173342  0.5218548485279872  0.4468670442623994
3557  -0.03813283598443076  0.2346335604792673  0.5405028934082829
3558  -0.2571660711118494  0.4694346462532923  0.5000938437533727
3559  -0.2255035638809204  -0.1830165982246399  0.5047193169593811
3560  0.3102275171807515  -0.09983529312546431  0.2990304199150722
3561  -0.5069816296795466  0.03811567669269986  0.226024827014076
3562  -0.5104965936996992  0.4712749967323936  0.3334011826502637
3563  -0.04985387577237479  0.5553570124509267  0.5221619898886944
3564  -0.1882967454093717  0.006154192957260904  0.280591271509632
3565  0.3111227346814576  -0.09852482364556681  0.6348418311739989
3566  -0.5307711822723327  0.3284067010562455  0.687941624504251
3567  -0.1310369705372718  -0.2021299590068311  0.1030564017756799
3568  -0.2289957746359529  0.5250880129833804  0.3254150578069037
3569  -0.1312998444193742  -0.2859261014892635  0.1520002871097865
3570  -0.10581115470834  0.2910768737711925  1.064456102057592
3571  -0.1307855301374915  0.3475590450033805  0.4427925375264128
3572  -0.3812274608904902  0.3899232840877097  1.22280224462153
3573  0.02491788994566679  0.3508750301483965  0.6101296758273951
3574  -0.2626620294754257  0.2259304252123133  0.4410681370420412
3575  -0.08989939073436751  0.4696908714959657  0.4353967115589348
3576  0.2093885936412485  -0.0267855973124927  0.2417665944588246
3577  -0.05869711651471066  0.2664812631658803  0.6230720811545929
3578  -0.1644903123378754  0.7467899024486542  0.5109232664108276
3579  0.3761138727405969  0.2637284957476158  0.7123748862116295
3580  -0.07621994852988681  0.04613912568422015  0.530069991834758
3581  0.003792052767450843  0.351664567471394  0.2819130432454343
3582  -0.2785089798225305  0.3230661534320655  0.8945752267067359
3583  -0.5904788611987084  0.3093038209257997  1.187825747382151
3584  -0.6290906369686127  -0.04630701988935471  0.226761132478714
3585  0.07637075004854388  -0.03977612192497599  0.5117339501339925
3586  0.1556464222373542  -0.1762913597121445  0.2267753571796193
3587  0.2719484186134465  0.3303694958483268  0.5873929870359759
3588  0.01070791548912814  0.4865618586542708  0.2464247597211016
3589  -0.6307659766200833  0.2929551651103645  1.241343484507992
3590  -0.3996235658951252  0.420952151422008  0.6450132213428006
3591  -0.3221916067931326  0.5233185871547903  0.6054685616647579
3592  -0.2576575281194203  0.5036429517328131  0.7835434605294924
3593  0.2783389760519239  0.3221798614909507  0.7710868952028612
3594  -0.7932311202982807  0.2866252034788067  1.017261874643779
3595  0.1100814779868451  0.5933697716355197  0.5264483447620913
3596  0.1137773158803318  0.001840119673091796  0.3938278656238209
3597  0.114185588818617  0.180790116557779  0.5705356420313724
3598  -0.4546416722128539  0.3313536510662785  0.7799818540677554
3599  -0.4180767380709692  0.2115337001940975  0.7453270727020533
3600  -0.3616178057645779  0.4823218237779061  0.7834800662810486
3601  -0.08581424929833115  0.240805537139778  0.7852732674287345
3602  -0.507372061738586  0.4683392568808248  0.4929942537484484
3603  0.1597561538219451  0.2922928631305695  0.1745832562446594
3604  -0.3171989092271615  0.4124099317924664  0.8418272862017968
3605  -0.5480738633591176  0.2559092011833646  1.100440782309695
3606  -0.09519366280756128  0.1635709328564722  0.5241549459736343
3607  -0.5672164172015732  0.3030036419178119  0.8060094564464614
3608  -0.1905733474327108  0.3099923928558995  0.4403346220010114
3609  -0.1686061529416383  -0.3398535547456486  0.2466561334341473
3610  -0.1841005372864353  0.4241262861281686  0.3546995763174229
3611  0.1499866709304421  0.1696327736689937  0.4452270837490245
3612  0.1526205092668533  -0.1655237078666687  0.1466818749904633
3613  -0.5436843929829853  0.17520969452404  0.5520704699043707
3614  0.2546179676752754  0.09081675571002543  0.2537983496637989
3615  -0.3203196103133408  0.1581286714543278  0.5310605287052601
3616  -0.5561074442352991  0.3541316778479125  0.484166538991992
3617  0.4751798941454526  0.2294442854712134  0.5315143185843716
3618  -0.5965546811211067  0.2877491446020466  0.4345228212325462
3619  0.2339595705270767  0.05073153125704266  0.8727271780371666
3620  0.4188477683939749  0.1140520091345383  0.5948491703059687
3621  -0.1601391410760137  0.5016922231248279  0.3523050334999878
3622  -0.2598192801151956  0.07735969695072284  0.5901746433788555
3623  -0.04217833065338461  0.5137361370811755  0.7306953632627041
3624  0.337161532192062  0.2813970808614664  0.7807717753989324
3625  -0.7934395860449805  0.2382994466663251  0.6907305199872814
3626  -0.1306945370779292  0.1432008802116048  0.6952643378784933
3627  -0.486859857443954  0.3542933658007986  0.8110488834239458
3628  -0.005596773748675538  0.0754698096710182  0.2526741100769785
3629  0.2019936798292841  -0.2771903412663321  0.4283005588532042
3630  0.3445290112793169  0.2230424425828119  0.5875235106782841
3631  -0.3265212178230286  0.7134248018264771  0.394742876291275
3632  0.338085822263605  -0.1572879213825239  0.3501118018040886
3633  -0.5922070293019646  0.3670305380968021  1.1628634035053
3634  -0.0541384343268424  0.3876710927085174  0.7059375045500028
3635  -0.6079536753746524  0.437201635463109  0.6599101941773162
3636  0.08501369392703223  0.4165528997630922  0.4997508720725929
3637  -0.1049869622179419  0.5579045560175989  0.4525071591326069
3638  0.08015011800951644  0.3824622804673177  0.5722993597446597
3639  -0.02130621260726387  0.2868379114913044  0.3944992607336313
3640  -0.1925216303882074  0.2051263974842863  0.4554991519847815
3641  -0.6499079303445854  0.1452031008545962  0.8234241300425221
3642  -0.7559575357618833  0.1117277144545422  0.7028646118234224
3643  -0.925295501947403  0.2137141600251198  1.061577470973134
3644  -0.4644351143298093  0.2870089113264415  1.169785770148335
3645  -0.2601778566152871  0.07686710314388974  0.4764399778417188
3646  -0.2441624143843147  0.3698920715143594  0.4362507490191724
3647  -0.3912961127476761  0.5469264741443539  0.4356388094553724
3648  -0.2152729630470276  0.7197885513305664  0.3929161429405212
3649  0.4296286962926388  0.203846663236618  0.3505612313747405
3650  -0.4226285134301531  0.4277614490050682  0.5812416784103595
3651  0.2566583250887705  -0.2484848330529699  0.29247358042865
3652  0.1198914134946408  0.03946364586229414  0.1974935198128972
3653  -0.2803612140738317  -0.1621637736876777  0.1106752609745094
3654  0.0762988403029885  0.4481309344233823  0.7887836640629428
3655  -0.1314512123887924  0.06058970653026315  0.6983340015581806
3656  -0.2033861803899884  0.3412199007881946  0.3305713329444355
3657  -0.2138271365841826  0.5183585390198531  0.8601802882723142
3658  -0.1085095606547145  0.3643818506332763  0.2638597268870519
3659  -0.3476558716946893  0.4331049732740523  0.6893792400944485
3660  0.167960649953466  -0.2403082399706967  0.2898835415660371
3661  -0.238840749156142  0.1021427146757236  0.3935641382806987
3662  -0.2950164669578614  0.3527037681489734  0.4829873639654322
3663  -0.7323878109804476  0.1439204811058111  0.4154617577156923
3664  -0.4837388499669442  -0.2154453278427389  0.2484979439468932
3665  -0.3587425341577832  0.3588644974154153  0.7247403694064729
3666  -0.2763594878077933  0.4562228097047002  0.3178509435292901
3667  -0.06026988110389045  0.1039128918213494  0.16801587946452
3668  -0.6050441280466554  0.08675613024145652  0.453795550258133
3669  -0.1681460195917988  0.3616543871399187  0.6148587829670794
3670  0.216155182022915  0.4373757181831213  0.6918798303877357
3671  0.009269760055334586  0.5915568718045557  0.3268784553054237
3672  -0.1118108233192942  -0.1292167861728913  0.4174089948375483
3673  -0.5516783893108368  -0.1685037538409233  0.1952047646045685
3674  -0.7328863867005349  0.3270223299771329  0.5406878515230209
3675  -0.1466685264857106  0.09499979526705646  0.887385990151803
3676  -0.3579195141792297  0.7400781214237213  0.6110169887542725
3677  0.09219367442712523  -0.2445942028364255  0.2599148559018936
3678  -0.4671849568632571  0.3574378616852045  0.9347864173427342
3679  0.2367129585662472  -0.07270602908678453  0.2526999948583446
3680  -0.2280564893847924  0.459799217066208  0.3721302310125986
3681  0.1751436322226745  -0.0702028318983739  0.2961659571622716
3682  -0.1097393086500081  0.02297035290420379  0.3662563878463383
3683  0.2107120963665677  -0.002069513286542318  0.7853823104259791
3684  -0.5732482783801289  0.2172588102771949  0.9519963133314155
3685  -0.3045234023987612  0.1420949707249979  0.2593118667384494
3686  0.005562657375465324  0.1593001152045841  0.5770713059039019
3687  0.08434762544118979  0.0806484632907124  0.4168062708003999
3688  -0.5118690513506545  0.296414857521368  0.7549525548461228
3689  -0.3949576318264008  -0.04343479871749878  0.4732976257801056
3690  -0.8047929141415504  0.2907917790536333  1.157249985545666
3691  -0.4973305988947412  0.3715628957718722  1.241664088157332
3692  0.2780242948582502  0.03115601856016356  0.4218726220122309
3693  -0.4554823397725802  0.3343733487495119  0.860589317574059
3694  -0.7777431230699523  0.2303405061186879  1.068104118182344
3695  -0.480549539880903  0.1416471067571509  1.112706543952528
3696  0.18149793227178  0.2160970681695588  0.6710501823396343
3697  -0.06589237831609329  0.3220017087140236  0.7638663141301053
3698  -0.6046693071486144  0.5295746119889023  0.567390303502653
3699  -0.3949468465170007  0.2728079473947504  0.2007979378481893
3700  0.1753525842160411  -0.2300157255153274  0.3757328098948827
3701  -0.3560900033879626  0.5587605263936357  0.2997586565760572
3702  -0.3436577235549795  0.1876995551834975  0.7244251515642546
3703  0.0005263461932998037  -0.01637331501654154  0.1633263585810166
3704  -0.5065144457380661  0.3200859062759102  0.6076475282840078
3705  0.2270532917551941  0.2104061361901389  0.5944345557887541
3706  -0.2501554787158966  -0.2124021574854851  0.421387106180191
3707  -0.4159216111639059  -0.0838907347889999  0.330059912788164
3708  -0.8878561386075603  0.2475787091378931  1.254164337550172
3709  -0.7117457091808319  0.5018250197172165  0.6293058097362518
3710  0.2764520686878471  0.4436674920259184  0.5700864134883106
3711  -0.2790310908773626  0.4025476061369274  0.6628979393121339
3712  -0.3445693662496739  0.4684049104734211  0.4596857295547337
3713  -0.4982095658779144  0.1190401203930378  0.6994656026363373
3714  0.4948449768126011  0.1068777740001678  0.5838126093149185
3715  -0.2809357249001325  0.1596789174023825  0.6711470802922445
3716  0.06068065988847948  -0.08410792046564561  0.6774898067381621
3717  -0.3515164066323992  0.3178521261409847  0.4701610308627124
3718  -0.4396113139083333  -0.1510943145334144  0.2947734316504171
3719  -0.2494589497726072  0.6290908355733557  0.7853588471559797
3720  -0.1201730996271697  0.4378349900694404  0.7681966693761835
3721  -0.4766158254631612  0.450484646955391  0.8751825914869642
3722  0.06311854648846127  0.05180258298836054  0.7721009123092089
3723  0.1531236886644825  0.2723003612301899  0.5326642613278026
3724  -0.4048361596104838  0.5338631335098843  0.7720801899826287
3725  -0.1602925956249238  -0.3677101731300354  0.1266734004020691
3726  -0.1613240864185078  -0.3525852140956889  0.1205029614637176
3727  -0.6424587310430425  0.5024779119953667  0.6291922221126205
3728  -0.2759469962136204  0.3584338771087298  0.5548489261581956
3729  0.4326583166643702  -0.06931686588461181  0.5691522418186501
3730  -0.01668783189233725  0.4461738957875069  0.7540708834586005
3731  -0.2865793236063945  0.369731813508773  0.7248918649027595
3732  -0.3242815892654889  0.4022776891992961  0.4143350839198946
3733  0.1960746850502354  0.1430362415750366  0.2436470684441494
3734  0.0623977909106137  0.4953356684550961  0.6556742795446435
3735  -0.3792619708663911  0.187364676995935  0.1833707401446576
3736  -0.29344522828102  0.3296805387094812  0.6639096408611327
3737  -0.3147331178188324  0.7467555105686188  0.4975517988204956
3738  -0.525903415472069  0.4505329888224979  0.4199187966483368
3739  -0.2033872609808864  0.3820443971655857  0.4595033104877064
3740  -0.4117848801103542  0.3660510658207146  0.7593855737485771
3741  0.1279020200302708  -0.3003293603650773  0.2253684482916745
3742  -0.1973207668852636  0.2011481217182982  0.11049253970724
3743  -0.1596267296635185  0.2119795519777741  0.1127500674033723
3744  -0.1864058126036186  0.4067354531874471  0.407282674447541
3745  -0.4025408989238372  0.1543453377792409  0.3960287070463697
3746  0.3493435385890802  0.1333894684418817  0.4255662724006946
3747  -0.2604301845255121  0.1736190834024754  0.1574490044491926
3748  -0.8357554376125336  0.006635816767811775  0.9931478202342987
3749  -0.08728693594031955  0.6383859460247077  0.7115580108138442
3750  -0.7044388161348607  0.4067480368517843  0.6076669036014921
3751  -0.373792857889605  0.5089517164544145  0.493767227233572
3752  0.03206452980848967  0.06942951314349138  0.3229681981124335
3753  -0.659168123895244  0.1427234694039973  1.012140168151783
3754  -0.2678897380828857  -0.1408185735344887  0.4936440885066986
3755  0.0991116067842811  0.2988680025057386  0.5477398243275906
3756  -0.6966439853035584  0.3689071876984647  0.4797719295472042
3757  0.4143902171889559  0.2030572167875364  0.5926569106159202
3758  -0.3414383255864046  0.5906703926141046  0.4974838997915124
3759  0.1219370563007589  0.2762642325789176  0.8696389187687893
3760  0.1283172219991683  -0.2822342813014984  0.1469718515872955
3761  -0.2446685888260957  0.3022329442278673  0.698106602925318
3762  -0.8611295035936386  0.07709852873005865  0.8205985095013847
3763  -0.6138686721361069  0.4426617218810437  0.7417520519061018
3764  -0.6296419047757178  0.4118788061562256  1.090792952914461
3765  -0.4689797692404847  0.4751174721489394  1.300751623792736
3766  0.06953783537730879  -0.2855985634501546  0.1867581850960822
3767  -0.05050324135243336  0.2196223016116745  0.4183290010467443
3768  -0.4277042746543884  0.5310586541891098  0.2553039193153381
3769  -0.4722342842333567  0.3637608931753318  0.5734508106924451
3770  -0.5375525786495292  0.5564107575315661  0.4319695847333824
3771  -0.04260667952003397  0.1103004763981647  0.547890575313587
3772  -0.3115884896946798  0.2569630391867751  0.9981788612216782
3773  -0.1435320894501576  0.1088975474224061  0.3575741060855344
3774  0.1356814866088151  0.1886746291276694  0.3866179010592279
3775  -0.3483590174328306  0.5344751892358455  0.3609154121367841
3776  0.09529250028601377  -0.05595849150666121  0.3266776557832531
3777  -0.3078201480997889  0.6984422411026925  0.498909848742447
3778  0.1289257762464524  0.3524116427390889  0.8609036196976655
3779  -0.4422016370708726  0.008930426102309199  0.2839774176092251
3780  0.1748410040627935  0.538026246315197  0.5101222428326374
3781  0.183898270214272  -0.2933867376093361  0.317441190928366
3782  0.02475645173808205  -0.3002752618766836  0.3886979124133414
3783  -0.4470436871051788  0.1080505698919296  0.624942421913147
3784  0.1342260395459848  -0.02473956212334351  0.2652920588604372
3785  -0.04130727608618401  0.2196798619271874  0.8409166361062882
3786  -0.1929287688779291  0.6003698609717762  0.6214167188179092
3787  -0.09515903424403785  0.2795561467893122  0.5636493841559154
3788  0.03678317368030543  -0.4450306594371796  0.1694736778736115
3789  0.1034648877137314  -0.05440412983231988  0.4495873406046546
3790  -0.2851160809533719  0.009033754258952307  0.5610148150953551
3791  -0.7998248756249942  0.1895777518412766  0.9672617497381907
3792  0.08873388258383014  0.06957066568834018  0.6534506540182446
3793  0.3864765919014713  0.3135821792273559  0.6148885396125346
3794  -0.4617334577401113  0.2893174173961227  0.7118057450375207
3795  -0.6809706823520978  0.06670487842457616  0.4185924378192039
3796  -0.5151450782515721  0.1438588043439149  1.187070635521544
3797  0.3283624116027241  0.2064579031619322  0.3616224316998544
3798  -0.5385158560265502  0.2559753055873067  0.7032647576058761
3799  -0.07202175176148876  0.447511414160897  0.5110873223049028
3800  -0.3385135941460492  0.5907465913938753  0.4160984569526964
3801  -0.7942474782466888  0.1845943629741669  1.236366428434849
3802  0.005604735079383499  -0.481734820322121  0.2690971655418376
3803  -0.3606143375413842  -0.2073844816984199  0.2690609261210927
3804  0.2689594366928687  0.1317776772704922  0.6104613824976263
3805  -0.1369461119174958  0.6640774309635162  0.3107838928699493
3806  -0.5641573184910955  0.4285108701329265  1.373277435833596
3807  -0.105237023407805  -0.04594011153587756  0.3314518205327835
3808  -0.1600802720318211  -0.04354995312337554  0.3138921453918824
3809  -0.3634461760520935  0.7204504907131195  0.6813315749168396
3810  -0.5417647086092854  0.5215668601389957  0.3802658442981264
3811  -0.7016244232654572  0.3600549548864365  1.425785064697266
3812  -0.3910053025332008  0.4410715206142441  0.8637385581791177
3813  -0.5858098663909723  0.307597135127209  0.5206443675819576
3814  -0.206182450056076  0.749607115983963  0.5771518647670746
3815  0.09007776313040061  0.386443536130139  0.3038199957801411
3816  -0.1144413976720427  0.1903674345631806  0.3891739291123225
3817  0.08550064583355688  0.201730999914132  0.2612726435422121
3818  -0.6091408289143283  0.3729582993950482  0.7114694680855425
3819  -0.5721146277024025  0.2314010874469724  0.3667900039478944
3820  -0.6592759105541035  0.3851696182384367  0.9637366747457647
3821  -0.5294576609272943  -0.2724768859033936  0.2685908551512503
3822  -0.06459250051623536  0.04030311972847769  0.2193718744989704
3823  -0.1579775485985098  0.07179287060699102  0.2996736554621374
3824  -0.7809838916634499  0.3880410995260857  0.6248142784138839
3825  0.2215443295810486  -0.03049216515275567  0.3335347468068015
3826  0.0697691777908791  0.1992890826556573  0.7753548963299174
3827  -0.3320846028851552  0.4948064904670566  1.011668593485006
3828  -0.3708340376051965  -0.1122800759612532  0.177601946910513
3829  -0.09080637465280619  0.2551629737385381  0.3389044423573808
3830  -0.284504068542948  0.2726624626206405  0.8418897762666968
3831  -0.4202302650225967  0.1050434203832925  0.540443063716564
3832  -0.6842362748022175  0.4446131878258656  0.6498261677149888
3833  0.05145038619271591  0.01118390300320775  0.8446680504296353
3834  -0.5300877891436968  -0.1884071620710554  0.2740642463176858
3835  -0.1771189741950915  -0.2335392129214464  0.4125478105984162
3836  0.04111582040786743  0.1836093664169312  0.8972258195281029
3837  -0.2642486129356909  0.3092072857973266  0.612504356941973
3838  -0.2737189164037117  0.587147672240942  0.85409203821013
3839  0.06557615050044002  -0.1699417315290592  0.2892174450103023
3840  -0.7738136762462773  0.305659737931872  0.5844331894799235
3841  -0.1345186619262475  0.56465779251156  0.3990107575276388
3842  -0.7687916217290041  0.1820468544409164  0.7400178119392665
3843  -0.06189802153986848  -0.02467999214187452  0.2651290568418735
3844  0.3881664517921374  0.1805155600910072  0.3834874647320001
3845  -0.3201407932119956  -0.2808305813548186  0.2636209483929119
3846  -0.07887010932550345  -0.009049475030326789  0.4377387975023581
3847  0.2055548205001178  0.5065136870205644  0.6460338710489372
3848  0.1098382552617875  0.1657932482107333  0.8172323341304277
3849  -0.9122336804866791  0.3042971193790436  1.226226676255465
3850  0.2676190137863159  0.5134691298007965  0.4308692216873168
3851  -0.4290862647773652  -0.1635620097594278  0.2102503106805775
3852  0.4322163870897783  -0.1288137923815981  0.5891446772601912
3853  -0.3875814760814543  0.349482603331083  0.8337619347683797
3854  -0.2227053508053438  0.4061687467485589  0.1551909884483555
3855  -0.6082166370437687  0.2324910746077962  0.7990605762107146
3856  -0.2930230743190007  0.35701495307294  0.2188211286803483
3857  -0.1279537397919187  0.27494882318275  0.6859608057815332
3858  -0.4695997121417683  -0.3277748951684858  0.2895227954425735
3859  -0.6670874757699803  0.1568422362887021  0.6201446665480171
3860  -0.3924332315495654  0.05546372211973732  0.2499703404229445
3861  0.1469110545764596  0.09322692360664643  0.8593133889569032
3862  -0.285297714421003  0.5004065971689473  0.3679402444984926
3863  -0.04189560235432069  -0.2470226808736866  0.4752843915002808
3864  -0.3804059432603277  0.467828679584928  0.7218837648173169
3865  -0.7978761432235317  0.3467148402642687  1.312888054052562
3866  -0.3187327529107086  0.6809868833136666  0.6128930522524629
3867  0.04789324090953284  0.1572308350433121  0.8383678954404103
3868  -0.2285543600745935  -0.4905805912604133  0.2208287447493835
3869  -0.3667594108129867  0.2360656590150818  0.6299079440425979
3870  0.1467687040567398  0.3822253793478012  0.1995773315429688
3871  -0.5750388212700235  0.3228002191624952  0.7388724323143433
3872  -0.4836605203629858  0.279509762004678  0.3322571033398632
3873  -0.100694529956466  -0.177960019479925  0.2601913416959063
3874  -0.2287541031837464  -0.3675407618284225  0.3242457807064056
3875  0.02860806387151932  -0.243331153582135  0.2349683292320817
3876  0.2288814485073089  -0.262316457927227  0.1980188190937042
3877  0.1640186362221166  -0.2386481913549233  0.2065109785858237
3878  0.09057142506487137  0.2432473364141179  0.4840194930584575
3879  -0.2884271673651988  0.5852173285311748  0.4375241106847984
3880  0.03828174875698775  0.2754694312394824  0.5925082687902857
3881  -0.1577783893830389  -0.03347668093865643  0.5380129647819063
3882  -0.3552165478467942  -0.2207647450268269  0.1329101324081421
3883  -0.524044757168854  0.4576349476528503  0.6457953849255111
3884  0.2057015402345199  -0.2868357131960315  0.251160381321493
3885  0.08327451755178289  0.5553928561218368  0.4180195212331258
3886  -0.3174346089363098  -0.09209702536463737  0.4869775772094727
3887  0.001344679027544621  0.5530944490065486  0.5646963903016822
3888  -0.2567446217957059  0.4111696213499157  0.5789442238232962
3889  0.4538191268245418  0.02004127440062343  0.5072374145641989
3890  -0.04518578770464068  -0.1936751187952854  0.2180539955543774
3891  0.2372727056272045  0.1552668996442998  0.5495059411059244
3892  -0.3865981120371346  0.6794217311067605  0.6037786761131355
3893  -0.3857526112669326  0.1481934340108008  0.5812772669134549
3894  -0.5789995491504669  -0.1230887100100517  0.2003442943096161
3895  -0.479434874225835  0.2450782420714717  0.6072500498673427
3896  -0.5897147333785613  0.02874276431770978  0.2515252116727383
3897  0.126040535022662  -0.1805770797350118  0.2964076783798011
3898  -0.5740577000861864  0.4814144351426797  0.5972100558414307
3899  -0.3244640378146759  0.1452576100652165  0.1565152883148053
3900  -0.07048547880247791  0.5853022971422961  0.7713904629876227
3901  0.03294633661285551  0.09908722548346784  0.5617953191379406
3902  -0.4944066107273102  0.6591904759407043  0.413079559803009
3903  -0.1527172828385821  0.552025742098157  0.8522740533520941
3904  -0.2113048658444118  0.5665380245045366  0.2730468330769841
3905  -0.1149263624905043  -0.2411856792073972  0.2135578474489016
3906  0.2089333344394596  -0.1013882407001575  0.4176522468934915
3907  -0.1275116926885718  0.3547647442503951  0.8035846171817784
3908  -0.2662605988439976  0.4793069692795878  0.5519159479042052
3909  -0.1187163878507397  0.440185338456457  0.3813579033036063
3910  -0.3892877281744649  0.01068381756469164  0.4451794525554047
3911  -0.301666468462354  0.3078413905065611  0.7297227398561333
3912  0.1680384874343872  0.364776536822319  0.2031693756580353
3913  -0.5488208990377901  0.4443782553264926  1.093965945798807
3914  -0.1473991108692385  0.2107766828269454  0.9216909475135131
3915  0.01035883388024983  -0.2031698731918171  0.615008670266427
3916  -0.7961892370840433  0.2584472031208244  0.9423353976289016
3917  -0.4053086638450623  0.1534043252468109  0.8827663064002991
3918  -0.4771423637866974  -0.09152195602655411  0.4090178906917572
3919  0.3215817832180992  0.2844917631596999  0.5998335489499047
3920  -0.5475450733996814  -0.1155884339232573  0.2457439392448489
3921  -0.4668981357684647  0.2222960866391077  0.3915380541911075
3922  -0.3148445155980152  0.4223402368785033  1.268362523802385
3923  0.3472253844397906  0.04672793332015941  0.6947477378579113
3924  -0.4174711804787344  -0.2463053504984757  0.1573874971011344
3925  -0.3624054852138665  0.6452957377357417  0.7287222525119796
3926  -0.8099760949495824  0.145025965310352  0.7963944883329279
3927  0.2313865365920358  -0.2110543668567957  0.2457073354372832
3928  0.00134807825088501  0.6859708726406097  0.6114760041236877
3929  0.1529160033252814  0.072453329113718  0.5336459804309118
3930  0.2374405345943918  0.05327302641848802  0.3771218455020497
3931  0.3402503370799729  0.1406190648734044  0.7937340347996947
3932  0.4242426814553958  0.2201589444545934  0.4526448616474941
3933  -0.3641621926884789  0.5793746263172027  0.6837924200841716
3934  -0.2335726182415231  0.2004658383542105  0.9090183579300487
3935  -0.5198864249445618  -0.1359249174369557  0.3278700172588718
3936  0.03951069500917143  0.3604477984501335  0.16017144055821
3937  -0.4755623770807407  0.4213944567631755  0.6174962531692911
3938  -0.4268331775825589  0.2145654186961392  0.2028735705857033
3939  0.08160381369104625  -0.03312644720786084  0.1769215377173878
3940  -0.1420956299900741  0.1165453390987164  0.5379313572457363
3941  -0.6272078916050003  0.2603036193495848  0.9200277162557498
3942  -0.2128341567355453  -0.1581127444859258  0.3251409152597607
3943  0.1180749174338453  -0.2713931910635787  0.332137132688102
3944  -0.1336459644623043  -0.3172635506630789  0.1901218568188218
3945  0.2153955378900557  -0.1499063027756491  0.3563023289018044
3946  -0.02658393132218276  0.2421748981747441  0.2218591171260376
3947  -0.1879875572445934  0.4565698383527937  0.2939629838182605
3948  -0.1522758301086686  0.05741692204694579  0.2323434492722811
3949  0.03812157310238901  -0.02419431434700713  0.3384913354545948
3950  -0.2289404187992  0.4166276976061251  0.7423453913108615
3951  -0.1434335068301218  0.2519548003898693  0.2818441814668793
3952  0.06031720618143949  -0.1394249902204328  0.1681164260934775
3953  -0.3297865092754364  0.1643363162875175  0.8867244720458984
3954  -0.2007736861705781  0.4001409262418747  0.154538094997406
3955  -0.1798543334007264  0.3650167807936668  0.1438689976930618
3956  -0.1464558695440781  0.368685023556267  0.1443613050696384
3957  -0.2186990413607423  0.3932443207483433  0.1510280534451869
3958  0.3231678522657894  0.06961481280879586  0.2343486512496292
3959  -0.5873725357766444  0.1841399464361437  1.005394959675373
3960  0.1967762630708754  0.426074533308519  0.7793699526080951
3961  -0.1947945385984225  0.09110324513850407  0.09832793983371246
3962  0.1142710596323013  0.4163469523191452  0.1996150612831116
3963  -0.2325388705859345  0.2608213777106266  0.5811807571297339
3964  -0.2186756283174509  0.07857435354747372  0.5281573971465811
3965  -0.70121221635979  0.166494501695834  0.7503672311121385
3966  -0.1923033934700402  0.2877618154437258  0.3780464778823078
3967  -0.6696932017803192  0.4986865967512131  0.7933841422200203
3968  -0.1181618622323778  -0.2654067908673735  0.4546913126987042
3969  -0.7657383180817872  0.2338354251393878  1.215349232798917
3970  -0.02783433894272727  0.3183524727112433  0.2089898680074658
3971  -0.5428441398298407  0.3839811638505723  0.8158551648618501
3972  -0.1676683719111763  -0.5099065822622493  0.2218060108681427
3973  -0.2340793183429987  0.220805535071684  0.6558127028644263
3974  -0.2092879018029463  0.4252321239274616  0.222055999513907
3975  0.04902898246358706  0.4219623831649644  0.2480381391367908
3976  0.2892405299023586  0.08862700735636576  0.686778747634482
3977  0.1415874086902444  0.4577334671120284  0.7711877145284487
3978  -0.3031001948071619  0.5623692128477528  0.6619631154288874
3979  0.1623578434123089  0.2311082925611469  0.6134481829486544
3980  -0.2342359777922526  -0.2639252207457247  0.1580040235533391
3981  -0.002608697211603506  0.03082665255280217  0.7900092481755737
3982  -0.6976825374738815  0.3459087100722437  1.023524369421295
3983  -0.5905902873405  0.153602951509141  1.198839226101802
3984  -0.4469527594506919  0.4937463200788044  0.307519524400399
3985  -0.6683305871484386  0.3326257815165716  0.7371736698269628
3986  -0.3514711260795593  0.6880122423171997  0.3606855869293213
3987  0.03479296524448228  0.06783538113294278  0.4874964488661078
3988  0.1940150426227171  -0.1900759270985005  0.3087889242960777
3989  -0.6677726351032591  0.262845307108921  1.049875867315854
3990  -0.5645800291759251  0.5215352256253712  0.5233322400333872
3991  0.118474087722256  0.3823165584421184  0.4234990733711067
3992  -0.4469182076267355  0.4335908862902803  1.140744930734917
3993  -0.3413694214892312  0.4081213393449477  0.916446372321912
3994  -0.0756382002078369  0.1821038470498592  0.1128014167775089
3995  0.08303985281177401  -0.05446013693133573  0.2402128215866874
3996  0.09365315545831382  0.01054693570566572  0.2473736354004182
3997  -0.2898908030034458  0.2603998632724356  0.6152600578850899
3998  -0.3487188451544738  0.2869493614906022  0.6763698342336866
3999  -0.5072659173045071  0.3229980704992823  0.5278697824637542
4000  -0.1092358535255031  0.5130941680637062  0.7191645323246424
4001  -0.6831618249416351  0.4634552747011185  1.234782256186008
4002  -0.4075063441926594  0.3853729887624257  0.239982408788466
4003  0.4849692843854427  0.1831968650221825  0.5828654319047928
4004  -0.2806527331092044  0.4683303732438086  0.4225551308404804
4005  -0.1445617741877989  0.4045412375874545  0.2122727014248085
4006  -0.8394097928942248  0.2264846033403553  1.016198624839035
4007  -0.017676517367363  0.7035200148820877  0.5436979234218597
4008  -0.4616210162639618  0.5979769229888916  0.3128397166728973
4009  -0.4396502431901523  0.4820312999899662  1.397166972290585
4010  -0.497626853330682  0.5990673528221537  0.7397871001154235
4011  -0.2096441860062761  0.6789154550600945  0.4192561814418433
4012  -0.10805873343736  0.5580798570762948  0.3343109065882465
4013  -0.07913623208453105  -0.221563085176437  0.2955525212801065
4014  0.02725347876548767  0.5014026761054993  0.8588675186038017
4015  -0.7057202549380868  0.2071766634311864  0.6392871455945155
4016  -0.6108683604892831  0.2452378301012155  1.191098955227159
4017  -0.346882164478302  -0.3388990163803101  0.2835472822189331
4018  -0.1455289062219427  0.6098712397314335  0.4842003128378575
4019  -0.3501314497837943  0.2358928701228166  1.063776584745435
4020  -0.3691346017288283  0.601371036381709  0.6192085141881783
4021  -0.3969568996505087  -0.2226830568516719  0.1969171296601402
4022  -0.1819755905211056  0.41585576613516  0.8031356107754359
4023  0.3647156634274695  0.1100879183168934  0.6616513907239665
4024  -0.09897369389110725  -0.4098980462694469  0.2496541827564016
4025  -0.6357202228590078  0.4221657545160376  1.199725386513771
4026  0.2385006076285363  -0.1625134608574524  0.5609322660037976
4027  -0.5288586709218284  0.4244833650814949  0.5696167509940917
4028  0.158644388132249  -0.01927005260036307  0.6401513146773038
4029  -0.551929254430696  0.3167950923196725  1.136570023129272
4030  -0.6316339898220076  0.3868199492776977  0.6153940386309894
4031  -0.3135627806186676  -0.2058310359716415  0.3584936857223511
4032  -0.04728165194699221  0.3249137645671895  0.4361066216583512
4033  -0.7174943131273319  0.3820251830566392  0.7789478052652584
4034  -0.2797514243347805  0.7214796974929076  0.7018619852220347
4035  -0.643235057592392  0.5699937045574188  0.6714587360620499
4036  -0.6164673066373121  0.4358338188839286  0.9286614597914437
4037  -0.02008161315687987  0.3796524492622226  0.4059323775496246
4038  -0.1481839346017574  0.3110434413292281  0.309726318996614
4039  -0.4491187576393383  0.5267067698502527  0.4429043807606565
4040  -0.1348317778354322  -0.05716395491780599  0.757406668035586
4041  0.1344019972365461  0.4306732698387074  0.2636318452770633
4042  0.2870506718754768  0.2838398963212967  0.239723265171051
4043  -0.2989847297276556  0.3650487205832406  0.6054718852639716
4044  -0.5913059762646913  0.3793755889268515  0.7804394433035261
4045  0.04448982717054994  0.5428391953844562  0.4794660113104456
4046  -0.116628338360418  0.3560966588702473  0.7265273666460206
4047  -0.855157754692756  0.1019438892632227  0.9049144582999024
4048  0.07268162055052652  0.3097035159699064  0.651187289341796
4049  -0.2536192536354065  -0.3891952186822891  0.300633043050766
4050  -0.3639602186644809  0.5307469593568489  0.8285081679437002
4051  0.2373638572918456  0.2047088150557627  0.3403007948845541
4052  -0.6377499957429675  0.4980945394939078  0.6934661234837277
4053  -0.3396742790489764  0.5465132815955061  0.9420112187485103
4054  -0.4121040796419234  0.3097438510317771  0.9023108404791695
4055  -0.4103184482685518  0.3813807763609188  0.6889911059256711
4056  -0.4537362912067686  -0.01542177640121163  0.3969324137686904
4057  -0.1381654143333435  0.5056539922952652  0.9044486880302429
4058  -0.1664345034805675  0.5165480545144296  0.9175175583682649
4059  -0.3196886926605873  0.2874490772377588  0.7871757220429325
4060  -0.6508088003905301  -0.1581310354319103  0.3109036111417173
4061  -0.01686129472980993  -0.1919434598580985  0.5343299957134023
4062  -0.7096997991696818  0.392714987051167  1.177832253255814
4063  -0.1709306588513826  0.3227756812445385  0.1746185667870639
4064  -0.8141656816005707  0.32508285343647  0.7110368460416794
4065  -0.06198691989197028  0.564498825815693  0.2814261583615354
4066  -0.5336269334499675  0.2500303893848433  0.4280501645369691
4067  -0.4713336086812201  -0.02539154016456349  0.178987087373127
4068  0.2953116621590878  0.401150958776364  0.427936998143639
4069  0.1286277516833714  0.3777821980919068  0.234642629610375
4070  -0.3408312198853835  0.3113427875196026  0.5938381405880814
4071  -0.2928015579175748  0.4825481971334126  0.6557847899310765
4072  -0.5320593113410015  0.4889359784882532  0.7833143102693892
4073  -0.1311030474637626  -0.1779223655720471  0.1722501050301573
4074  -0.08350814366913054  0.2587996784670363  0.1865538448700662
4075  -0.6348580641018311  0.4980469386764093  0.5115284753697379
4076  -0.2279468706859278  0.3782705156155637  0.6897849008233807
4077  -0.5680434696689372  0.5787991565046501  0.5487751347103615
4078  -0.2146396122062945  0.3367118803942729  0.5605911027401527
4079  -0.23342299750366  0.05291513847480921  0.1485867307846723
4080  0.1434238014416397  -0.0880977747880092  0.651762632474542
4081  -0.1804674460970382  0.4468057958156652  0.8840969187499667
4082  0.4289546512763514  -0.0283908845180839  0.6429235433979801
4083  -0.4112215143353943  0.3724137685049197  0.5494224155205476
4084  -0.303668886423111  -0.1277572549879551  0.4478639960289001
4085  0.06753827631473541  0.6663267016410828  0.5299054384231567
4086  -0.4199592202546549  0.3061381964770989  1.314799873895828
4087  -0.389499468533446  0.4751559765315221  1.157712110978342
4088  0.2559843007041006  0.4389611285912081  0.6441902386319537
4089  -0.02945051386032538  -0.1114101909022517  0.7062142410126325
4090  -0.1918181190697671  0.4046513039295943  0.9301840046667799
4091  -0.4009749101785847  0.5633136601920969  0.8970248607451065
4092  0.006827822558081648  0.4222230866307284  0.5149079040453317
4093  -0.7200057019726325  0.2698910415765891  1.162856574599919
4094  -0.5305546155882821  0.1756571521592213  0.412151497750575
4095  0.07537893837688853  0.1644302936692233  0.1789388348104232
4096  -0.389837036090021  0.3545866447007492  0.9634755251706425
4097  -0.4678403926785017  0.3608576611601109  0.7211107953568
4098  -0.1496232900820014  0.3233562182806365  0.9904275242719873
4099  -0.6076274512534923  -0.0284887535892521  0.2964625794668699
4100  0.1037629696505776  0.1278399427451969  0.8650818328936845
4101  0.4329215448776229  -0.1754795956603097  0.4946872772692755
4102  0.04824233784527998  0.3518968567137936  0.7795043654576431
4103  -0.5936959087848663  0.381460577249527  0.2856788039207458
4104  -0.4602343800010034  0.03490918875598016  0.4593582792228018
4105  -0.2795348847435986  0.3894322376828545  0.9217692842845883
4106  0.0186125022616549  0.4869053169440399  0.4275167321028619
4107  -0.01106924094208331  -0.06892334138278894  0.2903606649997377
4108  -0.02822533578284381  0.4183985055766563  0.8407653691190721
4109  -0.4952144500370224  0.3895022579267735  0.513018356222403
4110  -0.3899535894514075  -0.018596241915616  0.3200537004646813
4111  -0.6051895320415497  0.2137619256973267  0.2427201569080353
4112  -0.1413837910157906  0.3691459549235171  0.5268813891073209
4113  -0.764542971794212  0.05792812646341189  0.7856641798271295
4114  -0.450817461875707  0.3648315661108088  1.189723995198773
4115  -0.5729416919810273  0.1531984538867891  0.8190523567132537
4116  -0.3186911046504974  0.173544816672802  1.024365674704313
4117  -0.6103847096066706  0.04970131216701076  0.4035225615045737
4118  -0.1436159117061586  0.1029219989429815  0.1546076960320013
4119  0.3115515795802237  0.1163945073941314  0.2978230606039474
4120  -0.772145782811809  0.3163828655814505  0.6756088785639436
4121  -0.1199369110835214  -0.02846348054969911  0.8493446922116474
4122  0.3112884304952167  0.18666993461804  0.2344660723998367
4123  -0.4547836890957437  0.5269606549943811  0.360613355911981
4124  -0.1975576610834466  -0.1472118444507777  0.5068346289120472
4125  -0.2543474881203225  0.09566965839467026  0.265024409526826
4126  -0.3819166221622092  0.6183963707609739  0.5432322786537932
4127  0.3020137909452261  0.2035599573606869  0.3022031679353915
4128  -0.5533507730892324  0.3170261533089226  0.297835823024882
4129  -0.1866708235612836  0.4161376997775823  0.6792070731297324
4130  -0.2428873440637378  0.3081901414001228  1.078373424282912
4131  0.2855987025690578  0.1932978550985966  0.5581808187398807
4132  -0.1800104217040939  0.3871307656004719  0.2913897785273321
4133  -0.1632178767693805  -0.2150232310260864  0.3285334119593571
4134  0.2855574878307727  0.37794175152577  0.6976665868528221
4135  -0.3559555901061024  0.485332974875754  1.202190058980023
4136  -0.4379817276736873  0.1055030670142377  0.3424769228788144
4137  -0.1060503335284633  -0.1024923106934472  0.3517064586323393
4138  -0.3889534809442087  0.5013721718708479  0.2952816696680306
4139  -0.032768890941307  -0.06572555007716145  0.2246868569041683
4140  -0.343438059091568  0.7470601499080658  0.5521350800991058
4141  0.2698158323764801  0.151259783655405  0.8834331557154655
4142  -0.2417788517320228  0.3788186355156594  0.2216687615509733
4143  -0.113938561699265  0.3495252969565769  1.040690855817922
4144  -0.4879587758752  0.5049487333128493  0.6866404890189776
4145  -0.5962268008068459  -0.01700404252231734  0.3861526589610847
4146  -0.2422672604523982  -0.183779580750919  0.3690384109484661
4147  -0.1520329205713585  0.04326528549015641  0.9540812392733611
4148  0.2495232998314641  0.1695955579675801  0.4461219454612821
4149  -0.6224937949757838  0.4263159398523532  1.025677590093018
4150  0.3096137302203501  -0.01374547120515456  0.5432937878730528
4151  -0.4500358259624928  0.3184309745607051  0.5153780210273249
4152  -0.05942997501047831  0.01395962426348126  0.8308569053212096
4153  0.3640583381056786  0.01753660943359137  0.2645721137523651
4154  -0.8919876784725935  0.07802064382794326  0.9786077676197881
4155  -0.2097429656079519  -0.1782289723857253  0.4479117489893556
4156  -0.35947385430336  -0.4131441712379456  0.167689174413681
4157  0.05486307829778186  -0.08658823462651233  0.3111900616589233
4158  -0.3263414918553322  0.3238053341115356  0.3656540949097566
4159  0.2006747369963066  0.228639050916661  0.4633496874818768
4160  0.0161877117583199  0.2395528273071763  0.435044064050841
4161  0.04758469913458924  -0.218858296083433  0.3344890522380546
4162  -0.741267562836563  0.1151999619645857  0.8607365117896237
4163  -0.4820253360976527  0.2942680410092955  1.301535595689105
4164  -0.2296075595699398  0.3381542241813228  0.7408018697948762
4165  -0.3957941942869356  0.2983840853183287  0.7728488439096424
4166  -0.1632469716586885  0.2361805422922492  0.4167094793865798
4167  -0.2972380981137728  0.2903148079092662  0.2922208728634678
4168  -0.771161164392044  0.2999606935439372  0.8093110198141952
4169  -0.1780501604080201  0.4707789570093155  0.1748621761798859
4170  0.3932650461792946  -0.04601847101002932  0.2939149737358093
4171  0.1026008645637803  0.4343571723751246  0.7036816652699516
4172  -0.1642203054888398  -0.4594119170414781  0.2700050717293374
4173  -0.5255095064640045  0.42965467274189  0.2585596144199371
4174  -0.7486405247461418  0.1079459050219219  0.7716476009123168
4175  -0.05549812740188445  -0.07663619424059588  0.3317299344852092
4176  0.4188575618219471  0.25317703058529  0.6507313804385536
4177  -0.3072291333608588  0.5209427442780443  0.4813688510325377
4178  -0.4734486604817123  0.2662894780263056  0.2503797009504011
4179  -0.5547607401920154  0.4833462685729178  0.709439192290508
4180  -0.4495245650126904  -0.2855128064546722  0.2402445684978687
4181  -0.6060506178966274  0.5426412641562023  0.4791729565749633
4182  -0.08986532688140872  0.7222952544689178  0.4571024179458618
4183  -0.8089159611654697  0.1053971685400835  0.54254983786523
4184  -0.7672110915053443  0.1014109627912291  1.088762883073068
4185  0.3858469394076521  -0.1270185188803432  0.3802734540346772
4186  -0.2250729748325921  0.3905234393177898  0.3529795335014304
4187  -0.3805436612439024  0.2988335422440253  0.5276666577867952
4188  0.1384118597046337  -0.3013280821992319  0.2888632007968586
4189  -0.3225720079784401  -0.1274119569736288  0.3433383780982473
4190  0.176472386189274  -0.04087380197315094  0.5249842791135392
4191  -0.2335843649450462  0.3291487762589202  0.1807406017439452
4192  -0.05388838970067103  -0.1247243545796673  0.2348379172529188
4193  0.1471838605929494  0.05001299049365839  0.4496708071075185
4194  0.3817841932177544  -0.2344535440206528  0.3155148923397064
4195  -0.07434732501748964  0.3386168970102947  0.8535662530867217
4196  -0.115330332789478  0.6795773397251411  0.6360060867870805
4197  -0.4424526761896423  -0.3451184769803772  0.2351228675307365
4198  0.04950386764936604  0.3169191288112625  0.320299313325448
4199  -0.2649758755505348  0.4478552308083414  0.8893912706118211
4200  -0.2433462811024169  0.3824089151355282  0.8676422599875351
4201  0.1004573143699691  -0.228135621862173  0.1899194932023783
4202  -0.1746710421509799  0.05612929300186405  0.4075370347002709
4203  -0.09437341618471976  -0.2111552630635827  0.4083923974799895
4204  -0.1646316306538639  0.696989939865799  0.6616293689944619
4205  0.3308330327272415  -0.2756472453474998  0.5303319692611694
4206  -0.4184389515744683  0.2479887912062365  0.5160481486469858
4207  0.03556832766320406  0.2920423575400035  0.7753712736239645
4208  0.2485442310737935  -0.09626807315484931  0.3062110477748696
4209  -0.02797053343873979  0.2886599749778027  0.853778029147532
4210  -0.3211153976177288  0.5240921754957747  0.7656671295844995
4211  -0.5800791084766388  0.1557374522089958  0.2168705761432648
4212  -0.4241847171037429  0.4695409654114665  1.252024824337493
4213  0.41685167798617  0.01112121875853821  0.703557711401085
4214  -0.624600158839  0.2451164613170624  0.6261170880904974
4215  -0.5212907422142545  0.2027030256985589  0.2507148162496152
4216  -0.1676608655339879  -0.2424684054150989  0.1537423351647464
4217  0.146535019511965  0.02211057139783855  0.5470500969512991
4218  -0.05875101774263172  -0.03856231921542014  0.385010463953512
4219  -0.03099756758518471  -0.0001061373700402411  0.5413142671648552
4220  0.1664156865805517  0.06281573091907298  0.6480587943355447
4221  0.04378377673955858  0.1295478157953802  0.5181530764063528
4222  0.01978143610754579  0.04631435331646235  0.6998519067120978
4223  -0.752908319234848  0.428040474653244  1.366215914487839
4224  -0.141946222062818  0.7000534413106805  0.5571514845443742
4225  0.0803746879100799  0.4495363235473633  0.2000917494297028
4226  0.3807143568992615  0.3883461803197861  0.6428109854459763
4227  -0.5210716041028247  0.1831933185446143  0.3620685132662144
4228  -0.7613069279069453  0.2950672460578948  1.265085123464011
4229  -0.4754407746309466  -0.08717056623754055  0.3596498909154437
4230  -0.4617562459415772  0.2507263085153061  0.9948366798182269
4231  0.07061807318648683  0.6062988569307592  0.5880594427852929
4232  0.005850034424885409  0.2697677157816319  0.857542343857542
4233  -0.1726894894795223  0.6052816290907994  0.4298767708628738
4234  0.01346698754737008  0.2308118066788138  0.8103915213952839
4235  0.3782146694353179  -0.2113580473875776  0.366744106894716
4236  -0.01674291937102335  0.2198917154245939  0.6740539565802705
4237  -0.1840193371035399  0.08121953100351796  0.5994531248490902
4238  -0.8482093411186942  0.05578961141347941  0.615814939891883
4239  -0.7281634412760194  0.3862550824500773  0.6595003622375423
4240  0.04251533826604137  -0.1142177499839346  0.4142887997726794
4241  0.1842745248364799  0.3413068720725486  0.5201398218214628
4242  -0.6210033509715025  0.2566327375826942  0.9954406301455838
4243  -0.5112361945878321  0.5350333792713815  0.7402454415322129
4244  -0.1642370911879181  0.4851130865223036  0.415290078429555
4245  -0.7040646243490463  0.2670364320142474  1.262233392073946
4246  -0.1340443300976099  0.3129007464657763  0.3700682722266083
4247  0.2312630720702974  0.4389975962852793  0.4525133016289103
4248  -0.2841459382903476  0.7055055863075039  0.5779053759905843
4249  -0.3856875136643326  0.6255520243382214  0.3525236203953948
4250  0.05345650264320811  0.599866508169861  0.6954654534862273
4251  -0.4057179414431242  0.2783308332677252  1.150909037514551
4252  -0.2301899191301627  0.1618357362133294  0.8509524373326118
4253  -0.6906881454235763  0.2580007485407824  0.9361203810653219
4254  -0.7460986218710235  0.1775645252036825  1.104831017826568
4255  -0.1489275916074859  0.6340060488112972  0.5338468784909789
4256  -0.2185755730699716  0.123921293789441  1.095393742420185
4257  0.3069694502465301  -0.1972849952723193  0.5371087736185192
4258  -0.2914708119884593  0.5249198969138182  0.2671962606620545
4259  -0.6045320332050323  -0.1762476861476898  0.2237798869609833
4260  -0.3123688399791718  -0.4203335642814636  0.2719718813896179
4261  -0.1913011601984602  0.5675603642767997  0.3798433108282662
4262  -0.4085196256637574  0.01764033734798431  0.1205958127975464
4263  -0.2370189602385185  0.4326622643541216  0.6569917424568099
4264  0.4047760070807386  0.1903679933038578  0.6897248210003539
4265  -0.2094549213239101  0.4278882792284897  1.022505017112483
4266  -0.5034405459188964  0.4796384389096573  0.9964722293818955
4267  -0.169882260131917  -0.4267043316831898  0.2069175637734673
4268  -0.3096349609463478  -0.4694995985288188  0.2291476567814402
4269  -0.124433982810003  0.4397748876279222  0.533189926296054
4270  -0.5379128248311149  0.2449095794130864  0.9774357116074017
4271  0.18930616445112  0.1754057928574203  0.2972870813679361
4272  -0.4946052206956397  0.5401488469866412  0.5067816908129745
4273  -0.1222820232649033  0.2204729195483879  0.1573715719912036
4274  0.2270677133696337  -0.39248514413541  0.3189745794129409
4275  0.146794460812573  0.5217344047491626  0.3720082705270921
4276  -0.4110171635094503  0.4705491114136806  0.4494939240218399
4277  0.2892387956380844  0.1907373620197177  0.2200738936662674
4278  -0.7512269878916573  0.3723956575350604  0.601963916736674
4279  -0.09438665707527985  -0.1204614731228302  0.4745460086342254
4280  -0.3806007855674268  0.2965491244671922  0.3665271773369069
4281  -0.02330467055425425  0.4401628397309716  0.2111596431285423
4282  -0.208418961484283  0.275586919068645  0.5130197659925788
4283  -0.07864798088582151  0.1020322904460313  0.5033248862578457
4284  -0.4137687905675034  0.2831498382353146  0.6430122993448719
4285  -0.7067053616046906  0.0604473203420639  1.110031681135297
4286  0.2959982719812956  0.1678570404828446  0.4891864124871023
4287  0.07280727362419792  0.07655505086442771  0.860563335296762
4288  -0.01404300194800492  0.4019523385146055  0.3658368185813468
4289  0.2903964548129896  0.3308372558119951  0.435704008707201
4290  0.3311492949724197  -0.214983269572258  0.2577666044235229
4291  -0.2929955433879272  0.4751254967327131  1.255249496136847
4292  -0.1511768553250749  0.01831610518546384  0.884336706602826
4293  0.2579872642346603  0.1645848819643774  0.8282183716314487
4294  0.2147226297834429  0.3027738000219162  0.4507484212600754
4295  0.02241361750583709  -0.02140345821069809  0.2324555376610221
4296  -0.2769001456039205  0.07274528052392058  0.1023340089662881
4297  -0.4517174363136292  0.4452053159475327  0.2282595634460449
4298  -0.2131449074252115  0.1119159675905035  0.1608961019576006
4299  -0.5798025862381269  0.4201186344837025  0.4907083449341719
4300  0.3343664755419894  -0.3274204185512058  0.4173974338199138
4301  0.3408215249286227  -0.2684520725891867  0.3694245257693302
4302  -0.3217616126357977  0.09193849132498254  0.1098560420256948
4303  -0.2210712733845024  0.4599620195578827  0.9373484105176064
4304  0.364602648822242  0.2117087400210519  0.7568139820567065
4305  0.2595250718810376  0.1994985329362816  0.2055201020049551
4306  -0.4421806406682478  0.2474922968694759  0.9222531015751787
4307  -0.5285534009219561  0.3790244117259181  0.6248113067318587
4308  0.3391370564906485  0.1553069293862998  0.6079079100923287
4309  -0.06940774800789776  0.3828389910138226  0.1921831179969498
4310  -0.2462632780905232  0.1716181879459832  0.3492545317050252
4311  0.146197755408644  -0.0506042547326592  0.3455760189155762
4312  -0.09641157234158959  0.5306794795929783  0.8253659328186588
4313  -0.4295535087585449  0.5701299607753754  0.9649484306573868
4314  -0.5172421038150787  0.4959502816200256  1.436250314116478
4315  0.04418716350685103  -0.005446460676482383  0.6524575778850698
4316  -0.2508464753627777  -0.1317802369594574  0.547607958316803
4317  0.01328273787159656  -0.316733401619432  0.1763206817554855
4318  -0.3386879100782236  0.5517587359147307  1.402208229985523
4319  -0.1146986197341742  0.4297880132628514  0.71613445485076
4320  -0.7229720487043187  0.08910401698978457  1.01838442764872
4321  -0.2419425460619933  -0.03442625014850743  0.2853838129554828
4322  -0.1244241009048106  -0.2803852368051477  0.319226835931914
4323  -0.5161916333674794  0.4712702580282268  1.052893000801254
4324  0.1880393986130533  0.3037700904566039  0.8611938326285595
4325  -0.2510920276921131  -0.4239330612008099  0.206887361087793
4326  -0.3509244155454115  0.4698598538767885  0.3749692118887269
4327  0.1504545792321663  -0.1197576422847523  0.3358947635039119
4328  0.322254321778634  0.04733489548257159  0.2854241424752948
4329  0.3652286258431072  0.2437284698054806  0.3444765041970887
4330  -0.2678412387636797  0.1653527199121319  0.5472845560519645
4331  -0.4748825917612529  0.1889386659090624  1.231730551559874
4332  0.1297375449202228  0.4565249585012093  0.3405300743716945
4333  -0.3629161370782726  0.3933441878955642  0.4798417884699296
4334  -0.5526711046695709  0.4935761839151382  1.322869956493378
4335  0.3498235940933228  0.4276164621114731  0.4393015801906585
4336  -0.009059424065151062  -0.0168131852354533  0.2790630169156133
4337  -0.5278487450831602  0.4228212398735824  1.448438170965959
4338  0.2674379497766495  0.05753769772127271  0.8640582337975502
4339  -0.1563931405544281  -0.1136303767561913  0.7153155207633972
4340  -0.02545295922822888  -0.01639158839727835  0.6238992438436214
4341  -0.003396892300005422  0.01163939609008597  0.3690958455378734
4342  -0.3169089067473836  0.3062685052507426  1.066691845111305
4343  -0.1698751130114659  -0.02408697714143706  0.3934519000666312
4344  -0.1911863091689164  0.3757240070162006  0.18064749559141
4345  -0.4886805507799534  0.2801928234195095  0.4134140591307132
4346  -0.63580322265625  0.1938488930463791  1.282390739768744
4347  0.09790962543703907  0.1875013407428048  0.873667848754221
4348  0.1767984573056943  -0.009169287852102892  0.4568975751678576
4349  0.1894346528559009  0.005358116000625586  0.2081603772385885
4350  -0.406964973298138  0.4522546272084487  0.2619639428262193
4351  -0.2212083600525353  0.6991001743534383  0.6245887973928698
4352  0.1010773436092777  0.07846576634302804  0.3370888675067198
4353  0.4487592594215083  -0.03101336599135851  0.5227020512862877
4354  -0.5960640946510096  0.4347992763659932  1.13267684488889
4355  0.1429437075957312  0.3267845278683761  0.2223444434805579
4356  -0.2882994410327001  0.376880098861109  1.108452594994276
4357  0.003568232314049208  0.374767312297864  0.2005163085457086
4358  0.06652458553930418  -0.2590656412802315  0.4466559586404497
4359  -0.3114030045839629  0.1967133216782046  0.6047455434983829
4360  -0.6278789869097403  0.1197745470545636  0.4988779854180438
4361  0.3976536691188812  0.1166884480044246  0.3017476499080658
4362  -0.3969172593362026  0.5059456853470559  0.572636550183112
4363  -0.1346778273582458  0.6678703427314758  0.7686096280813217
4364  -0.1692938774447063  -0.108809023217696  0.5775481852470075
4365  0.353395763542705  0.1548227657284502  0.2674554056460645
4366  -0.08103697219782291  -0.0720952676447125  0.8212843285915731
4367  0.1063790337048918  0.3102202436551342  0.4848709979534315
4368  -0.1676927566523909  0.07631072513132095  1.025786347618971
4369  -0.2963506098912662  0.270790246203911  0.4458517329867516
4370  -0.6516692902835655  0.07343982166349534  0.3180770432690108
4371  -0.2183441889741992  0.0174484130107227  0.2186789072758438
4372  -0.09282420739214314  0.1126156916790282  0.8626310601384211
4373  0.09088509926120275  0.1627562470859205  0.4287116985467612
4374  -0.4032264141537509  0.483250921794488  0.7555687647052266
4375  -0.3214474403005695  0.356040564879764  1.242244945737275
4376  -0.04698783017538002  0.2814303392289423  0.1618390755409347
4377  0.3982245326042175  0.07139014871791005  0.29830202460289
4378  -0.9178472539057154  0.1497991757928925  1.085564095597189
4379  -0.4760135592042307  0.2804965683492461  0.5596505397067276
4380  -0.2480537636433431  0.4051082969469174  0.4054822605190948
4381  -0.02186337061161372  -0.417806223459225  0.3200883405741881
4382  -0.2009504575085108  0.2830373954958685  0.1513811564679267
4383  -0.4017825374434305  0.2255914055056862  0.37075754694793
4384  -0.1512828320264817  -0.1126791946589947  0.09476698935031891
4385  -0.7413051391679841  0.07071158427930191  0.4223054306289701
4386  -0.3382442861152895  0.07002787520794976  0.1774052610052439
4387  0.04526959937263547  -0.2266969155772312  0.1156988124598041
4388  -0.7923824265742574  0.1791174912256952  0.5112160262690264
4389  0.06552680755663304  -0.203846102406557  0.1652338591008131
4390  -0.5784536644362583  0.4161459427904853  0.6079894588139872
4391  -0.461163715606894  -0.0991609562551526  0.2070999501031453
4392  -0.2755002053818175  0.1046172844345717  0.160582668934947
4393  -0.09413601425038859  -0.1493714033017692  0.1005724655100135
4394  -0.1874401711156709  -0.3811935166707288  0.275090803205594
4395  -0.3765117228031158  0.7393537163734436  0.5027956366539001
4396  -0.3891706764698029  0.0104602137580514  0.5498495399951935
4397  -0.2976934313774109  -0.08430810272693634  0.1078064143657684
4398  -0.4011870089694412  0.06723263922499172  0.4958754089193729
4399  -0.4344142109729331  0.5300590194893668  1.54479875290392
4400  -0.4364841255922913  0.5330038176231056  1.533237264728868
4401  -0.6006943583488464  0.2614914327859879  1.335256285965443
4402  0.1485876838847181  0.4129525000544978  0.804263541774587
4403  -0.3645346589044451  0.01107742831683093  0.5172937450919329
